id,status,attempts,filename,last_error,last_at,object_key
204083,no_cases,1,s.m.c._1_2024_addn.pdf,no valid case citations extracted,Sat Apr 04 2026 00:04:51 GMT+0500 (Pakistan Standard Time),admin-knowledge/830565de-e112-45b0-857c-d80fd888df56/1775211904538-da66e75d-s.m.c._1_2024_addn.pdf
204077,no_cases,1,S.M.C._ 26_2007_30062018.pdf,no valid case citations extracted,Sat Apr 04 2026 00:04:55 GMT+0500 (Pakistan Standard Time),admin-knowledge/830565de-e112-45b0-857c-d80fd888df56/1775211899150-caf4f42d-s.m.c._-26_2007_30062018.pdf
204073,no_cases,1,reference_1_2011_17122024.pdf,no valid case citations extracted,Sat Apr 04 2026 00:04:56 GMT+0500 (Pakistan Standard Time),admin-knowledge/830565de-e112-45b0-857c-d80fd888df56/1775211860200-79da7c16-reference_1_2011_17122024.pdf
204065,no_cases,1,j.p._516_2018.pdf,no valid case citations extracted,Sat Apr 04 2026 00:04:59 GMT+0500 (Pakistan Standard Time),admin-knowledge/830565de-e112-45b0-857c-d80fd888df56/1775211784585-777492c0-j.p._516_2018.pdf
204063,no_cases,1,j.p._481_2019.pdf,no valid case citations extracted,Sat Apr 04 2026 00:04:59 GMT+0500 (Pakistan Standard Time),admin-knowledge/830565de-e112-45b0-857c-d80fd888df56/1775211783200-5bac708a-j.p._481_2019.pdf
204059,no_cases,1,j.p._438_2018.pdf,no valid case citations extracted,Sat Apr 04 2026 00:05:00 GMT+0500 (Pakistan Standard Time),admin-knowledge/830565de-e112-45b0-857c-d80fd888df56/1775211780680-e42d6559-j.p._438_2018.pdf
204054,no_cases,1,j.p._345_2017.pdf,no valid case citations extracted,Sat Apr 04 2026 00:05:03 GMT+0500 (Pakistan Standard Time),admin-knowledge/830565de-e112-45b0-857c-d80fd888df56/1775211763989-bad26be6-j.p._345_2017.pdf
204050,no_cases,1,j.p._269_2017.pdf,no valid case citations extracted,Sat Apr 04 2026 00:05:05 GMT+0500 (Pakistan Standard Time),admin-knowledge/830565de-e112-45b0-857c-d80fd888df56/1775211760944-888afe85-j.p._269_2017.pdf
204029,no_cases,1,i.c.a._5_2023_dn_07052025_1.pdf,no valid case citations extracted,Sat Apr 04 2026 00:05:19 GMT+0500 (Pakistan Standard Time),admin-knowledge/830565de-e112-45b0-857c-d80fd888df56/1775211730153-e5e8ed13-i.c.a._5_2023_dn_07052025_1.pdf
204028,no_cases,1,i.c.a._5_2023_dn_07052025.pdf,no valid case citations extracted,Sat Apr 04 2026 00:05:19 GMT+0500 (Pakistan Standard Time),admin-knowledge/830565de-e112-45b0-857c-d80fd888df56/1775211729837-f729aba7-i.c.a._5_2023_dn_07052025.pdf
204021,no_cases,1,i.c.a._2_2023_30052024_2.pdf,no valid case citations extracted,Sat Apr 04 2026 00:05:22 GMT+0500 (Pakistan Standard Time),admin-knowledge/830565de-e112-45b0-857c-d80fd888df56/1775211725545-990b8aa6-i.c.a._2_2023_30052024_2.pdf
204020,no_cases,1,i.c.a._2_2023_30052024_1.pdf,no valid case citations extracted,Sat Apr 04 2026 00:05:22 GMT+0500 (Pakistan Standard Time),admin-knowledge/830565de-e112-45b0-857c-d80fd888df56/1775211725213-1c5c7dbc-i.c.a._2_2023_30052024_1.pdf
204019,no_cases,1,i.c.a._2_2023_30052024.pdf,no valid case citations extracted,Sat Apr 04 2026 00:05:22 GMT+0500 (Pakistan Standard Time),admin-knowledge/830565de-e112-45b0-857c-d80fd888df56/1775211722806-5ebb01a1-i.c.a._2_2023_30052024.pdf
204017,no_cases,1,i.c.a._1_2024_dt_21_02_2024.pdf,no valid case citations extracted,Sat Apr 04 2026 00:05:24 GMT+0500 (Pakistan Standard Time),admin-knowledge/830565de-e112-45b0-857c-d80fd888df56/1775211721474-118ff29a-i.c.a._1_2024_dt_21_02_2024.pdf
204011,no_cases,1,H.R.C._14959_K_2018.pdf,no valid case citations extracted,Sat Apr 04 2026 00:05:29 GMT+0500 (Pakistan Standard Time),admin-knowledge/830565de-e112-45b0-857c-d80fd888df56/1775211701618-4d45c3b5-h.r.c._14959_k_2018.pdf
204010,no_cases,1,crl.sh.a._05_2018.pdf,no valid case citations extracted,Sat Apr 04 2026 00:05:35 GMT+0500 (Pakistan Standard Time),admin-knowledge/830565de-e112-45b0-857c-d80fd888df56/1775211689807-d634e885-crl.sh.a._05_2018.pdf
204006,no_cases,1,crl.r.p._5_2020.pdf,no valid case citations extracted,Sat Apr 04 2026 00:05:40 GMT+0500 (Pakistan Standard Time),admin-knowledge/830565de-e112-45b0-857c-d80fd888df56/1775211684672-d4966c43-crl.r.p._5_2020.pdf
203998,no_cases,1,crl.p._1315_l_2022.pdf,no valid case citations extracted,Sat Apr 04 2026 00:05:44 GMT+0500 (Pakistan Standard Time),admin-knowledge/830565de-e112-45b0-857c-d80fd888df56/1775211669248-e6b785d8-crl.p._1315_l_2022.pdf
203997,no_cases,1,crl.p._1313_l_2021.pdf,no valid case citations extracted,Sat Apr 04 2026 00:05:45 GMT+0500 (Pakistan Standard Time),admin-knowledge/830565de-e112-45b0-857c-d80fd888df56/1775211668820-85a5b29f-crl.p._1313_l_2021.pdf
203996,no_cases,1,crl.p._1276_2023.pdf,no valid case citations extracted,Sat Apr 04 2026 00:05:45 GMT+0500 (Pakistan Standard Time),admin-knowledge/830565de-e112-45b0-857c-d80fd888df56/1775211667011-5ec45da0-crl.p._1276_2023.pdf
203991,no_cases,1,crl.p._1175_2024.pdf,no valid case citations extracted,Sat Apr 04 2026 00:05:46 GMT+0500 (Pakistan Standard Time),admin-knowledge/830565de-e112-45b0-857c-d80fd888df56/1775211652162-69e543c9-crl.p._1175_2024.pdf
203989,no_cases,1,crl.p._1117_2024.pdf,no valid case citations extracted,Sat Apr 04 2026 00:05:47 GMT+0500 (Pakistan Standard Time),admin-knowledge/830565de-e112-45b0-857c-d80fd888df56/1775211651270-21454dcb-crl.p._1117_2024.pdf
203988,no_cases,1,crl.p._1079_l_of_2020.pdf,no valid case citations extracted,Sat Apr 04 2026 00:05:47 GMT+0500 (Pakistan Standard Time),admin-knowledge/830565de-e112-45b0-857c-d80fd888df56/1775211651252-c124cfd2-crl.p._1079_l_of_2020.pdf
203985,no_cases,1,crl.p._1054_2023.pdf,no valid case citations extracted,Sat Apr 04 2026 00:05:48 GMT+0500 (Pakistan Standard Time),admin-knowledge/830565de-e112-45b0-857c-d80fd888df56/1775211648620-3c802fcd-crl.p._1054_2023.pdf
203978,no_cases,1,crl.p._952_2023.pdf,no valid case citations extracted,Sat Apr 04 2026 00:05:50 GMT+0500 (Pakistan Standard Time),admin-knowledge/830565de-e112-45b0-857c-d80fd888df56/1775211631752-ae97aa5c-crl.p._952_2023.pdf
203965,no_cases,1,crl.p._797_l_2021.pdf,no valid case citations extracted,Sat Apr 04 2026 00:05:56 GMT+0500 (Pakistan Standard Time),admin-knowledge/830565de-e112-45b0-857c-d80fd888df56/1775211615403-6e2dfeda-crl.p._797_l_2021.pdf
203959,no_cases,1,crl.p._713_l_2020.pdf,no valid case citations extracted,Sat Apr 04 2026 00:06:00 GMT+0500 (Pakistan Standard Time),admin-knowledge/830565de-e112-45b0-857c-d80fd888df56/1775211611008-1bcb4062-crl.p._713_l_2020.pdf
203957,no_cases,1,crl.p._705_2023.pdf,no valid case citations extracted,Sat Apr 04 2026 00:06:01 GMT+0500 (Pakistan Standard Time),admin-knowledge/830565de-e112-45b0-857c-d80fd888df56/1775211609923-af632cbf-crl.p._705_2023.pdf
203951,no_cases,1,crl.p._556_2024.pdf,no valid case citations extracted,Sat Apr 04 2026 00:06:04 GMT+0500 (Pakistan Standard Time),admin-knowledge/830565de-e112-45b0-857c-d80fd888df56/1775211606651-fdf2df95-crl.p._556_2024.pdf
203941,no_cases,1,crl.p._498_2024.pdf,no valid case citations extracted,Sat Apr 04 2026 00:06:09 GMT+0500 (Pakistan Standard Time),admin-knowledge/830565de-e112-45b0-857c-d80fd888df56/1775211600046-950e4fb2-crl.p._498_2024.pdf
203939,no_cases,1,crl.p._474_l_2024.pdf,no valid case citations extracted,Sat Apr 04 2026 00:06:09 GMT+0500 (Pakistan Standard Time),admin-knowledge/830565de-e112-45b0-857c-d80fd888df56/1775211598963-2b58ffdf-crl.p._474_l_2024.pdf
203935,no_cases,1,crl.p._457_l_2021.pdf,no valid case citations extracted,Sat Apr 04 2026 00:06:11 GMT+0500 (Pakistan Standard Time),admin-knowledge/830565de-e112-45b0-857c-d80fd888df56/1775211596149-adf9a7b1-crl.p._457_l_2021.pdf
203931,no_cases,1,crl.p._368_2024.pdf,no valid case citations extracted,Sat Apr 04 2026 00:06:15 GMT+0500 (Pakistan Standard Time),admin-knowledge/830565de-e112-45b0-857c-d80fd888df56/1775211593115-18f3f493-crl.p._368_2024.pdf
203924,no_cases,1,Crl.P._300_2018.pdf,no valid case citations extracted,Sat Apr 04 2026 00:06:17 GMT+0500 (Pakistan Standard Time),admin-knowledge/830565de-e112-45b0-857c-d80fd888df56/1775211565764-ccc41568-crl.p._300_2018.pdf
203920,no_cases,1,crl.p._271_2024.pdf,no valid case citations extracted,Sat Apr 04 2026 00:06:20 GMT+0500 (Pakistan Standard Time),admin-knowledge/830565de-e112-45b0-857c-d80fd888df56/1775211562258-c02c0049-crl.p._271_2024.pdf
203906,no_cases,1,crl.p._207_2023.pdf,no valid case citations extracted,Sat Apr 04 2026 00:06:27 GMT+0500 (Pakistan Standard Time),admin-knowledge/830565de-e112-45b0-857c-d80fd888df56/1775211539101-dc4f370a-crl.p._207_2023.pdf
203904,no_cases,1,Crl.P._198_2016.pdf,no valid case citations extracted,Sat Apr 04 2026 00:06:28 GMT+0500 (Pakistan Standard Time),admin-knowledge/830565de-e112-45b0-857c-d80fd888df56/1775211537732-7a8576b5-crl.p._198_2016.pdf
203903,no_cases,1,crl.p._194_2024.pdf,no valid case citations extracted,Sat Apr 04 2026 00:06:28 GMT+0500 (Pakistan Standard Time),admin-knowledge/830565de-e112-45b0-857c-d80fd888df56/1775211537569-f04eb130-crl.p._194_2024.pdf
203902,no_cases,1,crl.p._172_l_2023.pdf,no valid case citations extracted,Sat Apr 04 2026 00:06:29 GMT+0500 (Pakistan Standard Time),admin-knowledge/830565de-e112-45b0-857c-d80fd888df56/1775211536001-1cbbbc14-crl.p._172_l_2023.pdf
203896,no_cases,1,crl.p._149_k_2024.pdf,no valid case citations extracted,Sat Apr 04 2026 00:06:30 GMT+0500 (Pakistan Standard Time),admin-knowledge/830565de-e112-45b0-857c-d80fd888df56/1775211532451-d2bfb993-crl.p._149_k_2024.pdf
203895,no_cases,1,crl.p._149_l_2022.pdf,no valid case citations extracted,Sat Apr 04 2026 00:06:31 GMT+0500 (Pakistan Standard Time),admin-knowledge/830565de-e112-45b0-857c-d80fd888df56/1775211532403-13e55c1e-crl.p._149_l_2022.pdf
203893,no_cases,1,crl.p._128_2024.pdf,no valid case citations extracted,Sat Apr 04 2026 00:06:32 GMT+0500 (Pakistan Standard Time),admin-knowledge/830565de-e112-45b0-857c-d80fd888df56/1775211518600-d0b1b2d5-crl.p._128_2024.pdf
203889,no_cases,1,crl.p._94_2025.pdf,no valid case citations extracted,Sat Apr 04 2026 00:06:33 GMT+0500 (Pakistan Standard Time),admin-knowledge/830565de-e112-45b0-857c-d80fd888df56/1775211516252-b6477d2e-crl.p._94_2025.pdf
203884,no_cases,1,crl.p._54_p_2012.pdf,no valid case citations extracted,Sat Apr 04 2026 00:06:36 GMT+0500 (Pakistan Standard Time),admin-knowledge/830565de-e112-45b0-857c-d80fd888df56/1775211503549-e7800507-crl.p._54_p_2012.pdf
203880,no_cases,1,crl.p._35_q_2017.pdf,no valid case citations extracted,Sat Apr 04 2026 00:06:37 GMT+0500 (Pakistan Standard Time),admin-knowledge/830565de-e112-45b0-857c-d80fd888df56/1775211492193-28473b78-crl.p._35_q_2017.pdf
203878,no_cases,1,crl.p._35_k_2024.pdf,no valid case citations extracted,Sat Apr 04 2026 00:06:38 GMT+0500 (Pakistan Standard Time),admin-knowledge/830565de-e112-45b0-857c-d80fd888df56/1775211482418-8aec0344-crl.p._35_k_2024.pdf
203877,no_cases,1,crl.p._29_k_2022.pdf,no valid case citations extracted,Sat Apr 04 2026 00:06:38 GMT+0500 (Pakistan Standard Time),admin-knowledge/830565de-e112-45b0-857c-d80fd888df56/1775211481349-23d15e67-crl.p._29_k_2022.pdf
203875,no_cases,1,crl.o.p.4-k_2023_dt_21_12_2023.pdf,no valid case citations extracted,Sat Apr 04 2026 00:06:39 GMT+0500 (Pakistan Standard Time),admin-knowledge/830565de-e112-45b0-857c-d80fd888df56/1775211480046-f49df46c-crl.o.p.4-k_2023_dt_21_12_2023.pdf
203874,no_cases,1,crl.o.p_233_2017.pdf,no valid case citations extracted,Sat Apr 04 2026 00:06:39 GMT+0500 (Pakistan Standard Time),admin-knowledge/830565de-e112-45b0-857c-d80fd888df56/1775211479571-daab7910-crl.o.p_233_2017.pdf
203873,no_cases,1,crl.o.p._1_k_2023.pdf,no valid case citations extracted,Sat Apr 04 2026 00:06:39 GMT+0500 (Pakistan Standard Time),admin-knowledge/830565de-e112-45b0-857c-d80fd888df56/1775211478242-18b3992a-crl.o.p._1_k_2023.pdf
203872,no_cases,1,crl.o.p._4_k_2023.pdf,no valid case citations extracted,Sat Apr 04 2026 00:06:39 GMT+0500 (Pakistan Standard Time),admin-knowledge/830565de-e112-45b0-857c-d80fd888df56/1775211477999-3ed45179-crl.o.p._4_k_2023.pdf
203867,no_cases,1,crl.m.a._1566_2016.pdf,no valid case citations extracted,Sat Apr 04 2026 00:06:42 GMT+0500 (Pakistan Standard Time),admin-knowledge/830565de-e112-45b0-857c-d80fd888df56/1775211464673-dd1189d5-crl.m.a._1566_2016.pdf
203858,no_cases,1,crl.a._577_2019.pdf,no valid case citations extracted,Sat Apr 04 2026 00:06:47 GMT+0500 (Pakistan Standard Time),admin-knowledge/830565de-e112-45b0-857c-d80fd888df56/1775211424646-b0e1c55e-crl.a._577_2019.pdf
203857,no_cases,1,crl.a._558_2019.pdf,no valid case citations extracted,Sat Apr 04 2026 00:06:47 GMT+0500 (Pakistan Standard Time),admin-knowledge/830565de-e112-45b0-857c-d80fd888df56/1775211419455-dcac8684-crl.a._558_2019.pdf
203853,no_cases,1,crl.a._505_2019.pdf,no valid case citations extracted,Sat Apr 04 2026 00:06:51 GMT+0500 (Pakistan Standard Time),admin-knowledge/830565de-e112-45b0-857c-d80fd888df56/1775211416513-52503f4d-crl.a._505_2019.pdf
203851,no_cases,1,crl.a._502_2019.pdf,no valid case citations extracted,Sat Apr 04 2026 00:06:52 GMT+0500 (Pakistan Standard Time),admin-knowledge/830565de-e112-45b0-857c-d80fd888df56/1775211414516-f7d9ab47-crl.a._502_2019.pdf
203849,no_cases,1,crl.a._425_2019.pdf,no valid case citations extracted,Sat Apr 04 2026 00:06:52 GMT+0500 (Pakistan Standard Time),admin-knowledge/830565de-e112-45b0-857c-d80fd888df56/1775211412097-f2dcbe7c-crl.a._425_2019.pdf
203834,no_cases,1,crl.a._181_2022.pdf,no valid case citations extracted,Sat Apr 04 2026 00:07:00 GMT+0500 (Pakistan Standard Time),admin-knowledge/830565de-e112-45b0-857c-d80fd888df56/1775211386169-43027230-crl.a._181_2022.pdf
203830,no_cases,1,crl.a._131_2023.pdf,no valid case citations extracted,Sat Apr 04 2026 00:07:02 GMT+0500 (Pakistan Standard Time),admin-knowledge/830565de-e112-45b0-857c-d80fd888df56/1775211380462-d5aa4764-crl.a._131_2023.pdf
203814,no_cases,1,constp.p._47_2023.pdf,no valid case citations extracted,Sat Apr 04 2026 00:07:10 GMT+0500 (Pakistan Standard Time),admin-knowledge/830565de-e112-45b0-857c-d80fd888df56/1775211240076-58649c5c-constp.p._47_2023.pdf
203813,no_cases,1,const.p_21_2022_dn.pdf,no valid case citations extracted,Sat Apr 04 2026 00:07:10 GMT+0500 (Pakistan Standard Time),admin-knowledge/830565de-e112-45b0-857c-d80fd888df56/1775211239974-96488871-const.p_21_2022_dn.pdf
203812,no_cases,1,const.p._43_2023.pdf,no valid case citations extracted,Sat Apr 04 2026 00:07:10 GMT+0500 (Pakistan Standard Time),admin-knowledge/830565de-e112-45b0-857c-d80fd888df56/1775211238994-a77b9fa0-const.p._43_2023.pdf
203811,no_cases,1,const.p._42_2022_30072024.pdf,no valid case citations extracted,Sat Apr 04 2026 00:07:10 GMT+0500 (Pakistan Standard Time),admin-knowledge/830565de-e112-45b0-857c-d80fd888df56/1775211238939-d086524b-const.p._42_2022_30072024.pdf
203810,no_cases,1,const.p._42_2022_06052024.pdf,no valid case citations extracted,Sat Apr 04 2026 00:07:10 GMT+0500 (Pakistan Standard Time),admin-knowledge/830565de-e112-45b0-857c-d80fd888df56/1775211237742-0e266a00-const.p._42_2022_06052024.pdf
203808,no_cases,1,const.p._42_2022_01072024.pdf,no valid case citations extracted,Sat Apr 04 2026 00:07:11 GMT+0500 (Pakistan Standard Time),admin-knowledge/830565de-e112-45b0-857c-d80fd888df56/1775211236091-7d04869a-const.p._42_2022_01072024.pdf
203805,no_cases,1,const.p._26_2016.pdf,no valid case citations extracted,Sat Apr 04 2026 00:07:11 GMT+0500 (Pakistan Standard Time),admin-knowledge/830565de-e112-45b0-857c-d80fd888df56/1775211234634-30ee96bc-const.p._26_2016.pdf
203801,no_cases,1,const.p._24_2023_23102023_2.pdf,no valid case citations extracted,Sat Apr 04 2026 00:07:15 GMT+0500 (Pakistan Standard Time),admin-knowledge/830565de-e112-45b0-857c-d80fd888df56/1775211213421-15f49b48-const.p._24_2023_23102023_2.pdf
203800,no_cases,1,const.p._24_2023_23102023_1.pdf,no valid case citations extracted,Sat Apr 04 2026 00:07:15 GMT+0500 (Pakistan Standard Time),admin-knowledge/830565de-e112-45b0-857c-d80fd888df56/1775211213296-2643a069-const.p._24_2023_23102023_1.pdf
203799,no_cases,1,const.p._24_2023_23102023.pdf,no valid case citations extracted,Sat Apr 04 2026 00:07:15 GMT+0500 (Pakistan Standard Time),admin-knowledge/830565de-e112-45b0-857c-d80fd888df56/1775211212099-fd79f244-const.p._24_2023_23102023.pdf
203798,no_cases,1,const.p._22_2025_17042025r_4.pdf,no valid case citations extracted,Sat Apr 04 2026 00:07:15 GMT+0500 (Pakistan Standard Time),admin-knowledge/830565de-e112-45b0-857c-d80fd888df56/1775211212094-7dd4a24d-const.p._22_2025_17042025r_4.pdf
203797,no_cases,1,const.p._22_2025_17042025r_3.pdf,no valid case citations extracted,Sat Apr 04 2026 00:07:15 GMT+0500 (Pakistan Standard Time),admin-knowledge/830565de-e112-45b0-857c-d80fd888df56/1775211210703-4359eef7-const.p._22_2025_17042025r_3.pdf
203796,no_cases,1,const.p._22_2025_17042025r_2.pdf,no valid case citations extracted,Sat Apr 04 2026 00:07:16 GMT+0500 (Pakistan Standard Time),admin-knowledge/830565de-e112-45b0-857c-d80fd888df56/1775211210604-fa938313-const.p._22_2025_17042025r_2.pdf
203795,no_cases,1,const.p._22_2025_17042025r_1.pdf,no valid case citations extracted,Sat Apr 04 2026 00:07:16 GMT+0500 (Pakistan Standard Time),admin-knowledge/830565de-e112-45b0-857c-d80fd888df56/1775211209205-43d99433-const.p._22_2025_17042025r_1.pdf
203794,no_cases,1,const.p._22_2025_17042025r.pdf,no valid case citations extracted,Sat Apr 04 2026 00:07:16 GMT+0500 (Pakistan Standard Time),admin-knowledge/830565de-e112-45b0-857c-d80fd888df56/1775211209100-6af74622-const.p._22_2025_17042025r.pdf
203793,no_cases,1,const.p._22_2025_14042025_r_3.pdf,no valid case citations extracted,Sat Apr 04 2026 00:07:16 GMT+0500 (Pakistan Standard Time),admin-knowledge/830565de-e112-45b0-857c-d80fd888df56/1775211207764-7f42625e-const.p._22_2025_14042025_r_3.pdf
203792,no_cases,1,const.p._22_2025_14042025_r_4.pdf,no valid case citations extracted,Sat Apr 04 2026 00:07:16 GMT+0500 (Pakistan Standard Time),admin-knowledge/830565de-e112-45b0-857c-d80fd888df56/1775211207732-a35f65e5-const.p._22_2025_14042025_r_4.pdf
203791,no_cases,1,const.p._22_2025_14042025_r_1.pdf,no valid case citations extracted,Sat Apr 04 2026 00:07:17 GMT+0500 (Pakistan Standard Time),admin-knowledge/830565de-e112-45b0-857c-d80fd888df56/1775211206546-337542f7-const.p._22_2025_14042025_r_1.pdf
203790,no_cases,1,const.p._22_2025_14042025_r_2.pdf,no valid case citations extracted,Sat Apr 04 2026 00:07:17 GMT+0500 (Pakistan Standard Time),admin-knowledge/830565de-e112-45b0-857c-d80fd888df56/1775211206474-a2b97529-const.p._22_2025_14042025_r_2.pdf
203788,no_cases,1,const.p._22_2025_14042025_r.pdf,no valid case citations extracted,Sat Apr 04 2026 00:07:19 GMT+0500 (Pakistan Standard Time),admin-knowledge/830565de-e112-45b0-857c-d80fd888df56/1775211203147-8446a089-const.p._22_2025_14042025_r.pdf
203786,no_cases,1,const.p._21_2022_note_18082023.pdf,no valid case citations extracted,Sat Apr 04 2026 00:07:21 GMT+0500 (Pakistan Standard Time),admin-knowledge/830565de-e112-45b0-857c-d80fd888df56/1775211200444-ea5ddf6b-const.p._21_2022_note_18082023.pdf
203785,no_cases,1,const.p._21_2022_16052023.pdf,no valid case citations extracted,Sat Apr 04 2026 00:07:22 GMT+0500 (Pakistan Standard Time),admin-knowledge/830565de-e112-45b0-857c-d80fd888df56/1775211199549-c81aae39-const.p._21_2022_16052023.pdf
203783,no_cases,1,const.p._21_2022_16032023.pdf,no valid case citations extracted,Sat Apr 04 2026 00:07:22 GMT+0500 (Pakistan Standard Time),admin-knowledge/830565de-e112-45b0-857c-d80fd888df56/1775211197776-3f777ea1-const.p._21_2022_16032023.pdf
203780,no_cases,1,const.p._13_2023_09052023.pdf,no valid case citations extracted,Sat Apr 04 2026 00:07:23 GMT+0500 (Pakistan Standard Time),admin-knowledge/830565de-e112-45b0-857c-d80fd888df56/1775211195224-a4b8a7b1-const.p._13_2023_09052023.pdf
203775,no_cases,1,const.p._6_2023_dn.pdf,no valid case citations extracted,Sat Apr 04 2026 00:07:27 GMT+0500 (Pakistan Standard Time),admin-knowledge/830565de-e112-45b0-857c-d80fd888df56/1775211189395-4b775bbf-const.p._6_2023_dn.pdf
203768,no_cases,1,const.p._5_2023_31032023.pdf,no valid case citations extracted,Sat Apr 04 2026 00:07:34 GMT+0500 (Pakistan Standard Time),admin-knowledge/830565de-e112-45b0-857c-d80fd888df56/1775211181640-48b034fd-const.p._5_2023_31032023.pdf
203763,no_cases,1,c.r.p._758_2019.pdf,no valid case citations extracted,Sat Apr 04 2026 00:07:35 GMT+0500 (Pakistan Standard Time),admin-knowledge/830565de-e112-45b0-857c-d80fd888df56/1775211151960-01814e88-c.r.p._758_2019.pdf
203761,no_cases,1,c.r.p._540_2023.pdf,no valid case citations extracted,Sat Apr 04 2026 00:07:35 GMT+0500 (Pakistan Standard Time),admin-knowledge/830565de-e112-45b0-857c-d80fd888df56/1775211025632-ebc623ac-c.r.p._540_2023.pdf
203746,no_cases,1,c.r.p._104_l_2019.pdf,no valid case citations extracted,Sat Apr 04 2026 00:07:51 GMT+0500 (Pakistan Standard Time),admin-knowledge/830565de-e112-45b0-857c-d80fd888df56/1775211009856-e05d81c7-c.r.p._104_l_2019.pdf
203744,no_cases,1,c.r.p._35_k_2020.pdf,no valid case citations extracted,Sat Apr 04 2026 00:07:51 GMT+0500 (Pakistan Standard Time),admin-knowledge/830565de-e112-45b0-857c-d80fd888df56/1775211008128-58404fc4-c.r.p._35_k_2020.pdf
203741,no_cases,1,c.p.l.a.928_l_2021.pdf,no valid case citations extracted,Sat Apr 04 2026 00:07:52 GMT+0500 (Pakistan Standard Time),admin-knowledge/830565de-e112-45b0-857c-d80fd888df56/1775210978527-fbe3bcfc-c.p.l.a.928_l_2021.pdf
203739,no_cases,1,c.p.614_p_2022.pdf,no valid case citations extracted,Sat Apr 04 2026 00:07:54 GMT+0500 (Pakistan Standard Time),admin-knowledge/830565de-e112-45b0-857c-d80fd888df56/1775210977235-71390882-c.p.614_p_2022.pdf
203737,no_cases,1,c.p._6406_2021.pdf,no valid case citations extracted,Sat Apr 04 2026 00:07:55 GMT+0500 (Pakistan Standard Time),admin-knowledge/830565de-e112-45b0-857c-d80fd888df56/1775210975948-173cad88-c.p._6406_2021.pdf
203731,no_cases,1,c.p._5877_2021.pdf,no valid case citations extracted,Sat Apr 04 2026 00:07:57 GMT+0500 (Pakistan Standard Time),admin-knowledge/830565de-e112-45b0-857c-d80fd888df56/1775210971571-b9f932ef-c.p._5877_2021.pdf
203729,no_cases,1,c.p._5671_2021.pdf,no valid case citations extracted,Sat Apr 04 2026 00:07:58 GMT+0500 (Pakistan Standard Time),admin-knowledge/830565de-e112-45b0-857c-d80fd888df56/1775210970413-6afd94e8-c.p._5671_2021.pdf
203727,no_cases,1,c.p._5633_2021.pdf,no valid case citations extracted,Sat Apr 04 2026 00:07:58 GMT+0500 (Pakistan Standard Time),admin-knowledge/830565de-e112-45b0-857c-d80fd888df56/1775210969349-b6e1f870-c.p._5633_2021.pdf
203721,no_cases,1,c.p._5029_2024.pdf,no valid case citations extracted,Sat Apr 04 2026 00:08:00 GMT+0500 (Pakistan Standard Time),admin-knowledge/830565de-e112-45b0-857c-d80fd888df56/1775210966269-df535a7a-c.p._5029_2024.pdf
203715,no_cases,1,c.p._4618_2019.pdf,no valid case citations extracted,Sat Apr 04 2026 00:08:02 GMT+0500 (Pakistan Standard Time),admin-knowledge/830565de-e112-45b0-857c-d80fd888df56/1775210962309-201893bd-c.p._4618_2019.pdf
203713,no_cases,1,c.p._4599_2017.pdf,no valid case citations extracted,Sat Apr 04 2026 00:08:03 GMT+0500 (Pakistan Standard Time),admin-knowledge/830565de-e112-45b0-857c-d80fd888df56/1775210961301-a105d2f9-c.p._4599_2017.pdf
203707,no_cases,1,c.p._4305_2023.pdf,no valid case citations extracted,Sat Apr 04 2026 00:08:05 GMT+0500 (Pakistan Standard Time),admin-knowledge/830565de-e112-45b0-857c-d80fd888df56/1775210957519-38b7afcc-c.p._4305_2023.pdf
203701,no_cases,1,c.p._3988_2019.pdf,no valid case citations extracted,Sat Apr 04 2026 00:08:09 GMT+0500 (Pakistan Standard Time),admin-knowledge/830565de-e112-45b0-857c-d80fd888df56/1775210953068-06859b73-c.p._3988_2019.pdf
203693,no_cases,1,c.p._3877_2023.pdf,no valid case citations extracted,Sat Apr 04 2026 00:08:14 GMT+0500 (Pakistan Standard Time),admin-knowledge/830565de-e112-45b0-857c-d80fd888df56/1775210946802-c530f358-c.p._3877_2023.pdf
203689,no_cases,1,c.p._3811_2019.pdf,no valid case citations extracted,Sat Apr 04 2026 00:08:17 GMT+0500 (Pakistan Standard Time),admin-knowledge/830565de-e112-45b0-857c-d80fd888df56/1775210943026-a7a925eb-c.p._3811_2019.pdf
203685,no_cases,1,c.p._3760_2019.pdf,no valid case citations extracted,Sat Apr 04 2026 00:08:20 GMT+0500 (Pakistan Standard Time),admin-knowledge/830565de-e112-45b0-857c-d80fd888df56/1775210939687-62ae3c60-c.p._3760_2019.pdf
203677,no_cases,1,c.p._3601_l_2022.pdf,no valid case citations extracted,Sat Apr 04 2026 00:08:27 GMT+0500 (Pakistan Standard Time),admin-knowledge/830565de-e112-45b0-857c-d80fd888df56/1775210932158-451e58e3-c.p._3601_l_2022.pdf
203675,no_cases,1,c.p._3598_2020.pdf,no valid case citations extracted,Sat Apr 04 2026 00:08:29 GMT+0500 (Pakistan Standard Time),admin-knowledge/830565de-e112-45b0-857c-d80fd888df56/1775210931075-6d446d0d-c.p._3598_2020.pdf
203673,no_cases,1,c.p._3589_2022.pdf,no valid case citations extracted,Sat Apr 04 2026 00:08:29 GMT+0500 (Pakistan Standard Time),admin-knowledge/830565de-e112-45b0-857c-d80fd888df56/1775210686564-9f2b765d-c.p._3589_2022.pdf
203671,no_cases,1,c.p._3532_2023_additional_note.pdf,no valid case citations extracted,Sat Apr 04 2026 00:08:30 GMT+0500 (Pakistan Standard Time),admin-knowledge/830565de-e112-45b0-857c-d80fd888df56/1775210643629-ec48c4ec-c.p._3532_2023_additional_note.pdf
203669,no_cases,1,c.p._3520_2020.pdf,no valid case citations extracted,Sat Apr 04 2026 00:08:30 GMT+0500 (Pakistan Standard Time),admin-knowledge/830565de-e112-45b0-857c-d80fd888df56/1775210642662-79ff329c-c.p._3520_2020.pdf
203668,no_cases,1,c.p._3519_2021.pdf,no valid case citations extracted,Sat Apr 04 2026 00:08:30 GMT+0500 (Pakistan Standard Time),admin-knowledge/830565de-e112-45b0-857c-d80fd888df56/1775210642471-01c51161-c.p._3519_2021.pdf
203665,no_cases,1,c.p._3501_2021.pdf,no valid case citations extracted,Sat Apr 04 2026 00:08:32 GMT+0500 (Pakistan Standard Time),admin-knowledge/830565de-e112-45b0-857c-d80fd888df56/1775210639057-cd5c03d5-c.p._3501_2021.pdf
203663,no_cases,1,c.p._3463_2021.pdf,no valid case citations extracted,Sat Apr 04 2026 00:08:33 GMT+0500 (Pakistan Standard Time),admin-knowledge/830565de-e112-45b0-857c-d80fd888df56/1775210637773-6a514902-c.p._3463_2021.pdf
203655,no_cases,1,c.p._3367_2018.pdf,no valid case citations extracted,Sat Apr 04 2026 00:08:39 GMT+0500 (Pakistan Standard Time),admin-knowledge/830565de-e112-45b0-857c-d80fd888df56/1775210631915-6f5c29c6-c.p._3367_2018.pdf
203653,no_cases,1,c.p._3297_2024.pdf,no valid case citations extracted,Sat Apr 04 2026 00:08:39 GMT+0500 (Pakistan Standard Time),admin-knowledge/830565de-e112-45b0-857c-d80fd888df56/1775210630874-0bd0b979-c.p._3297_2024.pdf
203649,no_cases,1,c.p._3263_2022.pdf,no valid case citations extracted,Sat Apr 04 2026 00:08:40 GMT+0500 (Pakistan Standard Time),admin-knowledge/830565de-e112-45b0-857c-d80fd888df56/1775210627103-62ee5fb3-c.p._3263_2022.pdf
203643,no_cases,1,c.p._3209_2019.pdf,no valid case citations extracted,Sat Apr 04 2026 00:08:43 GMT+0500 (Pakistan Standard Time),admin-knowledge/830565de-e112-45b0-857c-d80fd888df56/1775210623362-5b523870-c.p._3209_2019.pdf
203639,no_cases,1,c.p._3157_2022.pdf,no valid case citations extracted,Sat Apr 04 2026 00:08:45 GMT+0500 (Pakistan Standard Time),admin-knowledge/830565de-e112-45b0-857c-d80fd888df56/1775210620817-079c64ba-c.p._3157_2022.pdf
203636,no_cases,1,c.p._3155_l_2023.pdf,no valid case citations extracted,Sat Apr 04 2026 00:08:45 GMT+0500 (Pakistan Standard Time),admin-knowledge/830565de-e112-45b0-857c-d80fd888df56/1775210618968-fb33a972-c.p._3155_l_2023.pdf
203631,no_cases,1,c.p._3112_2020.pdf,no valid case citations extracted,Sat Apr 04 2026 00:08:50 GMT+0500 (Pakistan Standard Time),admin-knowledge/830565de-e112-45b0-857c-d80fd888df56/1775210355338-ce0e5df4-c.p._3112_2020.pdf
203629,no_cases,1,c.p._3107_2018.pdf,no valid case citations extracted,Sat Apr 04 2026 00:08:51 GMT+0500 (Pakistan Standard Time),admin-knowledge/830565de-e112-45b0-857c-d80fd888df56/1775210353419-c0ef7941-c.p._3107_2018.pdf
203624,no_cases,1,c.p._2997_2021.pdf,no valid case citations extracted,Sat Apr 04 2026 00:08:52 GMT+0500 (Pakistan Standard Time),admin-knowledge/830565de-e112-45b0-857c-d80fd888df56/1775210338720-720032f9-c.p._2997_2021.pdf
203622,no_cases,1,c.p._2933_2019.pdf,no valid case citations extracted,Sat Apr 04 2026 00:08:53 GMT+0500 (Pakistan Standard Time),admin-knowledge/830565de-e112-45b0-857c-d80fd888df56/1775210337504-0d4152d9-c.p._2933_2019.pdf
203620,no_cases,1,c.p._2918_l_2015_31012025.pdf,no valid case citations extracted,Sat Apr 04 2026 00:08:54 GMT+0500 (Pakistan Standard Time),admin-knowledge/830565de-e112-45b0-857c-d80fd888df56/1775210336396-775dfefa-c.p._2918_l_2015_31012025.pdf
203618,no_cases,1,c.p._2892_2020.pdf,no valid case citations extracted,Sat Apr 04 2026 00:08:54 GMT+0500 (Pakistan Standard Time),admin-knowledge/830565de-e112-45b0-857c-d80fd888df56/1775210335054-30ecb7c9-c.p._2892_2020.pdf
203614,no_cases,1,C.P._2853_2018.pdf,no valid case citations extracted,Sat Apr 04 2026 00:08:55 GMT+0500 (Pakistan Standard Time),admin-knowledge/830565de-e112-45b0-857c-d80fd888df56/1775210332544-c7a5ac25-c.p._2853_2018.pdf
203611,no_cases,1,C.P._2790_2018.pdf,no valid case citations extracted,Sat Apr 04 2026 00:08:56 GMT+0500 (Pakistan Standard Time),admin-knowledge/830565de-e112-45b0-857c-d80fd888df56/1775210316946-9da8844c-c.p._2790_2018.pdf
203609,no_cases,1,c.p._2753_l_2023.pdf,no valid case citations extracted,Sat Apr 04 2026 00:08:57 GMT+0500 (Pakistan Standard Time),admin-knowledge/830565de-e112-45b0-857c-d80fd888df56/1775210316088-224d2704-c.p._2753_l_2023.pdf
203608,no_cases,1,c.p._2743_2018.pdf,no valid case citations extracted,Sat Apr 04 2026 00:08:57 GMT+0500 (Pakistan Standard Time),admin-knowledge/830565de-e112-45b0-857c-d80fd888df56/1775210315910-cb574ddc-c.p._2743_2018.pdf
203599,no_cases,1,c.p._2628_2019.pdf,no valid case citations extracted,Sat Apr 04 2026 00:08:59 GMT+0500 (Pakistan Standard Time),admin-knowledge/830565de-e112-45b0-857c-d80fd888df56/1775210308325-875f7493-c.p._2628_2019.pdf
203597,no_cases,1,c.p._2597_2020.pdf,no valid case citations extracted,Sat Apr 04 2026 00:09:00 GMT+0500 (Pakistan Standard Time),admin-knowledge/830565de-e112-45b0-857c-d80fd888df56/1775210307258-5f808a7c-c.p._2597_2020.pdf
203589,no_cases,1,c.p._2459_2017.pdf,no valid case citations extracted,Sat Apr 04 2026 00:09:04 GMT+0500 (Pakistan Standard Time),admin-knowledge/830565de-e112-45b0-857c-d80fd888df56/1775210301548-aeeb7414-c.p._2459_2017.pdf
203587,no_cases,1,c.p._2456_l_2022.pdf,no valid case citations extracted,Sat Apr 04 2026 00:09:04 GMT+0500 (Pakistan Standard Time),admin-knowledge/830565de-e112-45b0-857c-d80fd888df56/1775210299418-50ef48e7-c.p._2456_l_2022.pdf
203585,no_cases,1,c.p._2400_l_2022.pdf,no valid case citations extracted,Sat Apr 04 2026 00:09:07 GMT+0500 (Pakistan Standard Time),admin-knowledge/830565de-e112-45b0-857c-d80fd888df56/1775210297246-95546881-c.p._2400_l_2022.pdf
203572,no_cases,1,c.p._2250_l_2016.pdf,no valid case citations extracted,Sat Apr 04 2026 00:09:16 GMT+0500 (Pakistan Standard Time),admin-knowledge/830565de-e112-45b0-857c-d80fd888df56/1775210274616-be1079b6-c.p._2250_l_2016.pdf
203570,no_cases,1,c.p._2226_l_2021_02042024.pdf,no valid case citations extracted,Sat Apr 04 2026 00:09:17 GMT+0500 (Pakistan Standard Time),admin-knowledge/830565de-e112-45b0-857c-d80fd888df56/1775210273499-84f5da78-c.p._2226_l_2021_02042024.pdf
203569,no_cases,1,c.p._2230_2015.pdf,no valid case citations extracted,Sat Apr 04 2026 00:09:17 GMT+0500 (Pakistan Standard Time),admin-knowledge/830565de-e112-45b0-857c-d80fd888df56/1775210273071-98c716c9-c.p._2230_2015.pdf
203568,no_cases,1,c.p._2210_l_2020.pdf,no valid case citations extracted,Sat Apr 04 2026 00:09:17 GMT+0500 (Pakistan Standard Time),admin-knowledge/830565de-e112-45b0-857c-d80fd888df56/1775210272032-af58eb75-c.p._2210_l_2020.pdf
203553,no_cases,1,c.p._2007_l_2023.pdf,no valid case citations extracted,Sat Apr 04 2026 00:09:24 GMT+0500 (Pakistan Standard Time),admin-knowledge/830565de-e112-45b0-857c-d80fd888df56/1775210214387-0576daa3-c.p._2007_l_2023.pdf
203545,no_cases,1,c.p._1896_2022.pdf,no valid case citations extracted,Sat Apr 04 2026 00:09:28 GMT+0500 (Pakistan Standard Time),admin-knowledge/830565de-e112-45b0-857c-d80fd888df56/1775210209373-49da953a-c.p._1896_2022.pdf
203541,no_cases,1,c.p._1874_2022.pdf,no valid case citations extracted,Sat Apr 04 2026 00:09:29 GMT+0500 (Pakistan Standard Time),admin-knowledge/830565de-e112-45b0-857c-d80fd888df56/1775210207161-c78b09ca-c.p._1874_2022.pdf
203535,no_cases,1,c.p._1840_2016.pdf,no valid case citations extracted,Sat Apr 04 2026 00:09:32 GMT+0500 (Pakistan Standard Time),admin-knowledge/830565de-e112-45b0-857c-d80fd888df56/1775210202663-dd30a55f-c.p._1840_2016.pdf
203529,no_cases,1,c.p._1777_2020.pdf,no valid case citations extracted,Sat Apr 04 2026 00:09:32 GMT+0500 (Pakistan Standard Time),admin-knowledge/830565de-e112-45b0-857c-d80fd888df56/1775210199268-33ba7ac8-c.p._1777_2020.pdf
203527,no_cases,1,c.p._1751_l_2021.pdf,no valid case citations extracted,Sat Apr 04 2026 00:09:33 GMT+0500 (Pakistan Standard Time),admin-knowledge/830565de-e112-45b0-857c-d80fd888df56/1775210198060-df04cfcc-c.p._1751_l_2021.pdf
203525,no_cases,1,c.p._1721_k_2021.pdf,no valid case citations extracted,Sat Apr 04 2026 00:09:34 GMT+0500 (Pakistan Standard Time),admin-knowledge/830565de-e112-45b0-857c-d80fd888df56/1775210196374-a638a9c0-c.p._1721_k_2021.pdf
203521,no_cases,1,c.p._1692_l_2020.pdf,no valid case citations extracted,Sat Apr 04 2026 00:09:34 GMT+0500 (Pakistan Standard Time),admin-knowledge/830565de-e112-45b0-857c-d80fd888df56/1775210194093-b08f8e22-c.p._1692_l_2020.pdf
203514,no_cases,1,c.p._1591_l_2017.pdf,no valid case citations extracted,Sat Apr 04 2026 00:09:37 GMT+0500 (Pakistan Standard Time),admin-knowledge/830565de-e112-45b0-857c-d80fd888df56/1775210172567-d799b74b-c.p._1591_l_2017.pdf
203510,no_cases,1,c.p._1540_2018.pdf,no valid case citations extracted,Sat Apr 04 2026 00:09:38 GMT+0500 (Pakistan Standard Time),admin-knowledge/830565de-e112-45b0-857c-d80fd888df56/1775210169401-0d4974bf-c.p._1540_2018.pdf
203508,no_cases,1,c.p._1517_2022.pdf,no valid case citations extracted,Sat Apr 04 2026 00:09:39 GMT+0500 (Pakistan Standard Time),admin-knowledge/830565de-e112-45b0-857c-d80fd888df56/1775210168296-55bdb7f0-c.p._1517_2022.pdf
203500,no_cases,1,c.p._1437_k_2022.pdf,no valid case citations extracted,Sat Apr 04 2026 00:09:43 GMT+0500 (Pakistan Standard Time),admin-knowledge/830565de-e112-45b0-857c-d80fd888df56/1775210160755-0c395f2b-c.p._1437_k_2022.pdf
203498,no_cases,1,c.p._1417_k_2022.pdf,no valid case citations extracted,Sat Apr 04 2026 00:09:44 GMT+0500 (Pakistan Standard Time),admin-knowledge/830565de-e112-45b0-857c-d80fd888df56/1775210159862-db518ce9-c.p._1417_k_2022.pdf
203496,no_cases,1,c.p._1393_l_2020.pdf,no valid case citations extracted,Sat Apr 04 2026 00:09:45 GMT+0500 (Pakistan Standard Time),admin-knowledge/830565de-e112-45b0-857c-d80fd888df56/1775210158034-f733a76c-c.p._1393_l_2020.pdf
203494,no_cases,1,c.p._1378_l_2013.pdf,no valid case citations extracted,Sat Apr 04 2026 00:09:45 GMT+0500 (Pakistan Standard Time),admin-knowledge/830565de-e112-45b0-857c-d80fd888df56/1775210156821-81ba492b-c.p._1378_l_2013.pdf
203493,no_cases,1,c.p._1369_l_2022_r.pdf,no valid case citations extracted,Sat Apr 04 2026 00:09:45 GMT+0500 (Pakistan Standard Time),admin-knowledge/830565de-e112-45b0-857c-d80fd888df56/1775210156012-0a8faacb-c.p._1369_l_2022_r.pdf
203492,no_cases,1,c.p._1368_k_2023.pdf,no valid case citations extracted,Sat Apr 04 2026 00:09:46 GMT+0500 (Pakistan Standard Time),admin-knowledge/830565de-e112-45b0-857c-d80fd888df56/1775210154952-ad5ea677-c.p._1368_k_2023.pdf
203488,no_cases,1,c.p._1345_l_2021.pdf,no valid case citations extracted,Sat Apr 04 2026 00:09:47 GMT+0500 (Pakistan Standard Time),admin-knowledge/830565de-e112-45b0-857c-d80fd888df56/1775210151610-6166c3ca-c.p._1345_l_2021.pdf
203486,no_cases,1,c.p._1331_l_2017.pdf,no valid case citations extracted,Sat Apr 04 2026 00:09:50 GMT+0500 (Pakistan Standard Time),admin-knowledge/830565de-e112-45b0-857c-d80fd888df56/1775210150590-14cc5ac3-c.p._1331_l_2017.pdf
203484,no_cases,1,c.p._1328_2024.pdf,no valid case citations extracted,Sat Apr 04 2026 00:09:50 GMT+0500 (Pakistan Standard Time),admin-knowledge/830565de-e112-45b0-857c-d80fd888df56/1775210147663-83015f0b-c.p._1328_2024.pdf
203474,no_cases,1,c.p._1189_2025.pdf,no valid case citations extracted,Sat Apr 04 2026 00:09:55 GMT+0500 (Pakistan Standard Time),admin-knowledge/830565de-e112-45b0-857c-d80fd888df56/1775210141643-c4749400-c.p._1189_2025.pdf
203472,no_cases,1,c.p._1181_l_2016.pdf,no valid case citations extracted,Sat Apr 04 2026 00:09:56 GMT+0500 (Pakistan Standard Time),admin-knowledge/830565de-e112-45b0-857c-d80fd888df56/1775210140728-8f0cbb56-c.p._1181_l_2016.pdf
203471,no_cases,1,c.p._1178_k_2022.pdf,no valid case citations extracted,Sat Apr 04 2026 00:09:56 GMT+0500 (Pakistan Standard Time),admin-knowledge/830565de-e112-45b0-857c-d80fd888df56/1775210140686-3624bf3b-c.p._1178_k_2022.pdf
203461,no_cases,1,c.p._1066_2022.pdf,no valid case citations extracted,Sat Apr 04 2026 00:10:03 GMT+0500 (Pakistan Standard Time),admin-knowledge/830565de-e112-45b0-857c-d80fd888df56/1775210133596-4cef6d23-c.p._1066_2022.pdf
203459,no_cases,1,c.p._1032_k_2023.pdf,no valid case citations extracted,Sat Apr 04 2026 00:10:03 GMT+0500 (Pakistan Standard Time),admin-knowledge/830565de-e112-45b0-857c-d80fd888df56/1775210131260-a056faa4-c.p._1032_k_2023.pdf
203458,no_cases,1,c.p._1026_l_2019.pdf,no valid case citations extracted,Sat Apr 04 2026 00:10:04 GMT+0500 (Pakistan Standard Time),admin-knowledge/830565de-e112-45b0-857c-d80fd888df56/1775210129926-c35a84cc-c.p._1026_l_2019.pdf
203456,no_cases,1,c.p._1010_l_2022.pdf,no valid case citations extracted,Sat Apr 04 2026 00:10:04 GMT+0500 (Pakistan Standard Time),admin-knowledge/830565de-e112-45b0-857c-d80fd888df56/1775210117172-16acd698-c.p._1010_l_2022.pdf
203453,no_cases,1,c.p._944_l_2014.pdf,no valid case citations extracted,Sat Apr 04 2026 00:10:04 GMT+0500 (Pakistan Standard Time),admin-knowledge/830565de-e112-45b0-857c-d80fd888df56/1775210114169-ff1cdf5f-c.p._944_l_2014.pdf
203449,no_cases,1,c.p._925_l_2018.pdf,no valid case citations extracted,Sat Apr 04 2026 00:10:06 GMT+0500 (Pakistan Standard Time),admin-knowledge/830565de-e112-45b0-857c-d80fd888df56/1775210111472-d0cd0137-c.p._925_l_2018.pdf
203448,no_cases,1,c.p._930_2024.pdf,no valid case citations extracted,Sat Apr 04 2026 00:10:06 GMT+0500 (Pakistan Standard Time),admin-knowledge/830565de-e112-45b0-857c-d80fd888df56/1775210110567-a4d89c83-c.p._930_2024.pdf
203447,no_cases,1,c.p._921_l_2017.pdf,no valid case citations extracted,Sat Apr 04 2026 00:10:06 GMT+0500 (Pakistan Standard Time),admin-knowledge/830565de-e112-45b0-857c-d80fd888df56/1775210109744-9389829b-c.p._921_l_2017.pdf
203443,no_cases,1,c.p._903_2023.pdf,no valid case citations extracted,Sat Apr 04 2026 00:10:07 GMT+0500 (Pakistan Standard Time),admin-knowledge/830565de-e112-45b0-857c-d80fd888df56/1775210106694-01c590a4-c.p._903_2023.pdf
203441,no_cases,1,c.p._883_l_2020.pdf,no valid case citations extracted,Sat Apr 04 2026 00:10:07 GMT+0500 (Pakistan Standard Time),admin-knowledge/830565de-e112-45b0-857c-d80fd888df56/1775210105578-c345524f-c.p._883_l_2020.pdf
203437,no_cases,1,c.p._836_k_2020_2812025.pdf,no valid case citations extracted,Sat Apr 04 2026 00:10:11 GMT+0500 (Pakistan Standard Time),admin-knowledge/830565de-e112-45b0-857c-d80fd888df56/1775210101612-dd44a100-c.p._836_k_2020_2812025.pdf
203433,no_cases,1,c.p._832_k_2024.pdf,no valid case citations extracted,Sat Apr 04 2026 00:10:12 GMT+0500 (Pakistan Standard Time),admin-knowledge/830565de-e112-45b0-857c-d80fd888df56/1775210098753-89c76307-c.p._832_k_2024.pdf
203432,no_cases,1,C.P._826_2016.pdf,no valid case citations extracted,Sat Apr 04 2026 00:10:12 GMT+0500 (Pakistan Standard Time),admin-knowledge/830565de-e112-45b0-857c-d80fd888df56/1775210098393-6f85c86d-c.p._826_2016.pdf
203430,no_cases,1,c.p._797_2021.pdf,no valid case citations extracted,Sat Apr 04 2026 00:10:15 GMT+0500 (Pakistan Standard Time),admin-knowledge/830565de-e112-45b0-857c-d80fd888df56/1775210058389-c869e8ff-c.p._797_2021.pdf
203427,no_cases,1,c.p._760_2024.pdf,no valid case citations extracted,Sat Apr 04 2026 00:10:16 GMT+0500 (Pakistan Standard Time),admin-knowledge/830565de-e112-45b0-857c-d80fd888df56/1775210056348-7d63b84e-c.p._760_2024.pdf
203418,no_cases,1,c.p._662_k_2024.pdf,no valid case citations extracted,Sat Apr 04 2026 00:10:21 GMT+0500 (Pakistan Standard Time),admin-knowledge/830565de-e112-45b0-857c-d80fd888df56/1775210050243-8c792110-c.p._662_k_2024.pdf
203406,no_cases,1,c.p._563_k_2024.pdf,no valid case citations extracted,Sat Apr 04 2026 00:10:27 GMT+0500 (Pakistan Standard Time),admin-knowledge/830565de-e112-45b0-857c-d80fd888df56/1775210041605-b25707a0-c.p._563_k_2024.pdf
203390,no_cases,1,c.p._512_2022.pdf,no valid case citations extracted,Sat Apr 04 2026 00:10:33 GMT+0500 (Pakistan Standard Time),admin-knowledge/830565de-e112-45b0-857c-d80fd888df56/1775210029502-d9777c21-c.p._512_2022.pdf
203389,no_cases,1,c.p._509_p_2012.pdf,no valid case citations extracted,Sat Apr 04 2026 00:10:34 GMT+0500 (Pakistan Standard Time),admin-knowledge/830565de-e112-45b0-857c-d80fd888df56/1775210029289-d3edcc17-c.p._509_p_2012.pdf
203388,no_cases,1,c.p._499_k_2023.pdf,no valid case citations extracted,Sat Apr 04 2026 00:10:34 GMT+0500 (Pakistan Standard Time),admin-knowledge/830565de-e112-45b0-857c-d80fd888df56/1775210027699-e28d32aa-c.p._499_k_2023.pdf
203386,no_cases,1,c.p._488_k_2023.pdf,no valid case citations extracted,Sat Apr 04 2026 00:10:35 GMT+0500 (Pakistan Standard Time),admin-knowledge/830565de-e112-45b0-857c-d80fd888df56/1775210026461-d303bdc8-c.p._488_k_2023.pdf
203384,no_cases,1,c.p._473_k_2023.pdf,no valid case citations extracted,Sat Apr 04 2026 00:10:36 GMT+0500 (Pakistan Standard Time),admin-knowledge/830565de-e112-45b0-857c-d80fd888df56/1775210024467-3192fe49-c.p._473_k_2023.pdf
203382,no_cases,1,c.p._460_2022.pdf,no valid case citations extracted,Sat Apr 04 2026 00:10:37 GMT+0500 (Pakistan Standard Time),admin-knowledge/830565de-e112-45b0-857c-d80fd888df56/1775210023300-5f6c583b-c.p._460_2022.pdf
203373,no_cases,1,c.p._419_2019.pdf,no valid case citations extracted,Sat Apr 04 2026 00:10:42 GMT+0500 (Pakistan Standard Time),admin-knowledge/830565de-e112-45b0-857c-d80fd888df56/1775210016377-671efbfe-c.p._419_2019.pdf
203368,no_cases,1,c.p._361_p_2018.pdf,no valid case citations extracted,Sat Apr 04 2026 00:10:44 GMT+0500 (Pakistan Standard Time),admin-knowledge/830565de-e112-45b0-857c-d80fd888df56/1775210011619-66d90684-c.p._361_p_2018.pdf
203364,no_cases,1,c.p._329_k_2022.pdf,no valid case citations extracted,Sat Apr 04 2026 00:10:46 GMT+0500 (Pakistan Standard Time),admin-knowledge/830565de-e112-45b0-857c-d80fd888df56/1775209752534-bc5974c1-c.p._329_k_2022.pdf
203355,no_cases,1,c.p._283_l_2018.pdf,no valid case citations extracted,Sat Apr 04 2026 00:10:53 GMT+0500 (Pakistan Standard Time),admin-knowledge/830565de-e112-45b0-857c-d80fd888df56/1775209715077-aaf81165-c.p._283_l_2018.pdf
203353,no_cases,1,c.p._279_q_2020.pdf,no valid case citations extracted,Sat Apr 04 2026 00:10:54 GMT+0500 (Pakistan Standard Time),admin-knowledge/830565de-e112-45b0-857c-d80fd888df56/1775209713942-7a879628-c.p._279_q_2020.pdf
203349,no_cases,1,c.p._271_2021.pdf,no valid case citations extracted,Sat Apr 04 2026 00:10:55 GMT+0500 (Pakistan Standard Time),admin-knowledge/830565de-e112-45b0-857c-d80fd888df56/1775209711998-72908723-c.p._271_2021.pdf
203345,no_cases,1,c.p._256_q_2020.pdf,no valid case citations extracted,Sat Apr 04 2026 00:10:57 GMT+0500 (Pakistan Standard Time),admin-knowledge/830565de-e112-45b0-857c-d80fd888df56/1775209464857-8145354d-c.p._256_q_2020.pdf
203344,no_cases,1,c.p._255_2024.pdf,no valid case citations extracted,Sat Apr 04 2026 00:10:58 GMT+0500 (Pakistan Standard Time),admin-knowledge/830565de-e112-45b0-857c-d80fd888df56/1775209464671-e44305b8-c.p._255_2024.pdf
203343,no_cases,1,c.p._254_2024.pdf,no valid case citations extracted,Sat Apr 04 2026 00:10:58 GMT+0500 (Pakistan Standard Time),admin-knowledge/830565de-e112-45b0-857c-d80fd888df56/1775209463585-19dad3bb-c.p._254_2024.pdf
203341,no_cases,1,c.p._244_2024_07052024.pdf,no valid case citations extracted,Sat Apr 04 2026 00:10:59 GMT+0500 (Pakistan Standard Time),admin-knowledge/830565de-e112-45b0-857c-d80fd888df56/1775209462797-39f6c036-c.p._244_2024_07052024.pdf
203340,no_cases,1,c.p._244_2024.pdf,no valid case citations extracted,Sat Apr 04 2026 00:10:59 GMT+0500 (Pakistan Standard Time),admin-knowledge/830565de-e112-45b0-857c-d80fd888df56/1775209462572-f204ce4b-c.p._244_2024.pdf
203335,no_cases,1,c.p._220_k_2025.pdf,no valid case citations extracted,Sat Apr 04 2026 00:11:01 GMT+0500 (Pakistan Standard Time),admin-knowledge/830565de-e112-45b0-857c-d80fd888df56/1775209458972-1dcd1b2c-c.p._220_k_2025.pdf
203333,no_cases,1,c.p._211_2024.pdf,no valid case citations extracted,Sat Apr 04 2026 00:11:01 GMT+0500 (Pakistan Standard Time),admin-knowledge/830565de-e112-45b0-857c-d80fd888df56/1775209457586-3cce2942-c.p._211_2024.pdf
203331,no_cases,1,c.p._210_2024.pdf,no valid case citations extracted,Sat Apr 04 2026 00:11:02 GMT+0500 (Pakistan Standard Time),admin-knowledge/830565de-e112-45b0-857c-d80fd888df56/1775209456290-f300e279-c.p._210_2024.pdf
203330,no_cases,1,c.p._205_l_2017.pdf,no valid case citations extracted,Sat Apr 04 2026 00:11:02 GMT+0500 (Pakistan Standard Time),admin-knowledge/830565de-e112-45b0-857c-d80fd888df56/1775209456320-d5da3d05-c.p._205_l_2017.pdf
203329,no_cases,1,c.p._189_q_2017.pdf,no valid case citations extracted,Sat Apr 04 2026 00:11:02 GMT+0500 (Pakistan Standard Time),admin-knowledge/830565de-e112-45b0-857c-d80fd888df56/1775209442956-024459dc-c.p._189_q_2017.pdf
203327,no_cases,1,c.p._186_2024.pdf,no valid case citations extracted,Sat Apr 04 2026 00:11:04 GMT+0500 (Pakistan Standard Time),admin-knowledge/830565de-e112-45b0-857c-d80fd888df56/1775209440573-2d78e5eb-c.p._186_2024.pdf
203326,no_cases,1,c.p._185_2024.pdf,no valid case citations extracted,Sat Apr 04 2026 00:11:04 GMT+0500 (Pakistan Standard Time),admin-knowledge/830565de-e112-45b0-857c-d80fd888df56/1775209439740-aed52e0a-c.p._185_2024.pdf