id,status,attempts,filename,title,last_error,last_at,object_key
204083,no_cases,1,s.m.c._1_2024_addn.pdf,s.m.c. 1 2024 addn,no valid case citations extracted,Sat Apr 04 2026 00:04:51 GMT+0500 (Pakistan Standard Time),admin-knowledge/830565de-e112-45b0-857c-d80fd888df56/1775211904538-da66e75d-s.m.c._1_2024_addn.pdf
204077,no_cases,1,S.M.C._ 26_2007_30062018.pdf,S.M.C.  26 2007 30062018,no valid case citations extracted,Sat Apr 04 2026 00:04:55 GMT+0500 (Pakistan Standard Time),admin-knowledge/830565de-e112-45b0-857c-d80fd888df56/1775211899150-caf4f42d-s.m.c._-26_2007_30062018.pdf
204073,no_cases,1,reference_1_2011_17122024.pdf,reference 1 2011 17122024,no valid case citations extracted,Sat Apr 04 2026 00:04:56 GMT+0500 (Pakistan Standard Time),admin-knowledge/830565de-e112-45b0-857c-d80fd888df56/1775211860200-79da7c16-reference_1_2011_17122024.pdf
204065,no_cases,1,j.p._516_2018.pdf,j.p. 516 2018,no valid case citations extracted,Sat Apr 04 2026 00:04:59 GMT+0500 (Pakistan Standard Time),admin-knowledge/830565de-e112-45b0-857c-d80fd888df56/1775211784585-777492c0-j.p._516_2018.pdf
204063,no_cases,1,j.p._481_2019.pdf,j.p. 481 2019,no valid case citations extracted,Sat Apr 04 2026 00:04:59 GMT+0500 (Pakistan Standard Time),admin-knowledge/830565de-e112-45b0-857c-d80fd888df56/1775211783200-5bac708a-j.p._481_2019.pdf
204059,no_cases,1,j.p._438_2018.pdf,j.p. 438 2018,no valid case citations extracted,Sat Apr 04 2026 00:05:00 GMT+0500 (Pakistan Standard Time),admin-knowledge/830565de-e112-45b0-857c-d80fd888df56/1775211780680-e42d6559-j.p._438_2018.pdf
204054,no_cases,1,j.p._345_2017.pdf,j.p. 345 2017,no valid case citations extracted,Sat Apr 04 2026 00:05:03 GMT+0500 (Pakistan Standard Time),admin-knowledge/830565de-e112-45b0-857c-d80fd888df56/1775211763989-bad26be6-j.p._345_2017.pdf
204050,no_cases,1,j.p._269_2017.pdf,j.p. 269 2017,no valid case citations extracted,Sat Apr 04 2026 00:05:05 GMT+0500 (Pakistan Standard Time),admin-knowledge/830565de-e112-45b0-857c-d80fd888df56/1775211760944-888afe85-j.p._269_2017.pdf
204029,no_cases,1,i.c.a._5_2023_dn_07052025_1.pdf,i.c.a. 5 2023 dn 07052025 1,no valid case citations extracted,Sat Apr 04 2026 00:05:19 GMT+0500 (Pakistan Standard Time),admin-knowledge/830565de-e112-45b0-857c-d80fd888df56/1775211730153-e5e8ed13-i.c.a._5_2023_dn_07052025_1.pdf
204028,no_cases,1,i.c.a._5_2023_dn_07052025.pdf,i.c.a. 5 2023 dn 07052025,no valid case citations extracted,Sat Apr 04 2026 00:05:19 GMT+0500 (Pakistan Standard Time),admin-knowledge/830565de-e112-45b0-857c-d80fd888df56/1775211729837-f729aba7-i.c.a._5_2023_dn_07052025.pdf
204021,no_cases,1,i.c.a._2_2023_30052024_2.pdf,i.c.a. 2 2023 30052024 2,no valid case citations extracted,Sat Apr 04 2026 00:05:22 GMT+0500 (Pakistan Standard Time),admin-knowledge/830565de-e112-45b0-857c-d80fd888df56/1775211725545-990b8aa6-i.c.a._2_2023_30052024_2.pdf
204020,no_cases,1,i.c.a._2_2023_30052024_1.pdf,i.c.a. 2 2023 30052024 1,no valid case citations extracted,Sat Apr 04 2026 00:05:22 GMT+0500 (Pakistan Standard Time),admin-knowledge/830565de-e112-45b0-857c-d80fd888df56/1775211725213-1c5c7dbc-i.c.a._2_2023_30052024_1.pdf
204019,no_cases,1,i.c.a._2_2023_30052024.pdf,i.c.a. 2 2023 30052024,no valid case citations extracted,Sat Apr 04 2026 00:05:22 GMT+0500 (Pakistan Standard Time),admin-knowledge/830565de-e112-45b0-857c-d80fd888df56/1775211722806-5ebb01a1-i.c.a._2_2023_30052024.pdf
204017,no_cases,1,i.c.a._1_2024_dt_21_02_2024.pdf,i.c.a. 1 2024 dt 21 02 2024,no valid case citations extracted,Sat Apr 04 2026 00:05:24 GMT+0500 (Pakistan Standard Time),admin-knowledge/830565de-e112-45b0-857c-d80fd888df56/1775211721474-118ff29a-i.c.a._1_2024_dt_21_02_2024.pdf
204011,no_cases,1,H.R.C._14959_K_2018.pdf,H.R.C. 14959 K 2018,no valid case citations extracted,Sat Apr 04 2026 00:05:29 GMT+0500 (Pakistan Standard Time),admin-knowledge/830565de-e112-45b0-857c-d80fd888df56/1775211701618-4d45c3b5-h.r.c._14959_k_2018.pdf
204010,no_cases,1,crl.sh.a._05_2018.pdf,crl.sh.a. 05 2018,no valid case citations extracted,Sat Apr 04 2026 00:05:35 GMT+0500 (Pakistan Standard Time),admin-knowledge/830565de-e112-45b0-857c-d80fd888df56/1775211689807-d634e885-crl.sh.a._05_2018.pdf
204006,no_cases,1,crl.r.p._5_2020.pdf,crl.r.p. 5 2020,no valid case citations extracted,Sat Apr 04 2026 00:05:40 GMT+0500 (Pakistan Standard Time),admin-knowledge/830565de-e112-45b0-857c-d80fd888df56/1775211684672-d4966c43-crl.r.p._5_2020.pdf
203998,no_cases,1,crl.p._1315_l_2022.pdf,crl.p. 1315 l 2022,no valid case citations extracted,Sat Apr 04 2026 00:05:44 GMT+0500 (Pakistan Standard Time),admin-knowledge/830565de-e112-45b0-857c-d80fd888df56/1775211669248-e6b785d8-crl.p._1315_l_2022.pdf
203997,no_cases,1,crl.p._1313_l_2021.pdf,crl.p. 1313 l 2021,no valid case citations extracted,Sat Apr 04 2026 00:05:45 GMT+0500 (Pakistan Standard Time),admin-knowledge/830565de-e112-45b0-857c-d80fd888df56/1775211668820-85a5b29f-crl.p._1313_l_2021.pdf
203996,no_cases,1,crl.p._1276_2023.pdf,crl.p. 1276 2023,no valid case citations extracted,Sat Apr 04 2026 00:05:45 GMT+0500 (Pakistan Standard Time),admin-knowledge/830565de-e112-45b0-857c-d80fd888df56/1775211667011-5ec45da0-crl.p._1276_2023.pdf
203991,no_cases,1,crl.p._1175_2024.pdf,crl.p. 1175 2024,no valid case citations extracted,Sat Apr 04 2026 00:05:46 GMT+0500 (Pakistan Standard Time),admin-knowledge/830565de-e112-45b0-857c-d80fd888df56/1775211652162-69e543c9-crl.p._1175_2024.pdf
203989,no_cases,1,crl.p._1117_2024.pdf,crl.p. 1117 2024,no valid case citations extracted,Sat Apr 04 2026 00:05:47 GMT+0500 (Pakistan Standard Time),admin-knowledge/830565de-e112-45b0-857c-d80fd888df56/1775211651270-21454dcb-crl.p._1117_2024.pdf
203988,no_cases,1,crl.p._1079_l_of_2020.pdf,crl.p. 1079 l of 2020,no valid case citations extracted,Sat Apr 04 2026 00:05:47 GMT+0500 (Pakistan Standard Time),admin-knowledge/830565de-e112-45b0-857c-d80fd888df56/1775211651252-c124cfd2-crl.p._1079_l_of_2020.pdf
203985,no_cases,1,crl.p._1054_2023.pdf,crl.p. 1054 2023,no valid case citations extracted,Sat Apr 04 2026 00:05:48 GMT+0500 (Pakistan Standard Time),admin-knowledge/830565de-e112-45b0-857c-d80fd888df56/1775211648620-3c802fcd-crl.p._1054_2023.pdf
203978,no_cases,1,crl.p._952_2023.pdf,crl.p. 952 2023,no valid case citations extracted,Sat Apr 04 2026 00:05:50 GMT+0500 (Pakistan Standard Time),admin-knowledge/830565de-e112-45b0-857c-d80fd888df56/1775211631752-ae97aa5c-crl.p._952_2023.pdf
203965,no_cases,1,crl.p._797_l_2021.pdf,crl.p. 797 l 2021,no valid case citations extracted,Sat Apr 04 2026 00:05:56 GMT+0500 (Pakistan Standard Time),admin-knowledge/830565de-e112-45b0-857c-d80fd888df56/1775211615403-6e2dfeda-crl.p._797_l_2021.pdf
203959,no_cases,1,crl.p._713_l_2020.pdf,crl.p. 713 l 2020,no valid case citations extracted,Sat Apr 04 2026 00:06:00 GMT+0500 (Pakistan Standard Time),admin-knowledge/830565de-e112-45b0-857c-d80fd888df56/1775211611008-1bcb4062-crl.p._713_l_2020.pdf
203957,no_cases,1,crl.p._705_2023.pdf,crl.p. 705 2023,no valid case citations extracted,Sat Apr 04 2026 00:06:01 GMT+0500 (Pakistan Standard Time),admin-knowledge/830565de-e112-45b0-857c-d80fd888df56/1775211609923-af632cbf-crl.p._705_2023.pdf
203951,no_cases,1,crl.p._556_2024.pdf,crl.p. 556 2024,no valid case citations extracted,Sat Apr 04 2026 00:06:04 GMT+0500 (Pakistan Standard Time),admin-knowledge/830565de-e112-45b0-857c-d80fd888df56/1775211606651-fdf2df95-crl.p._556_2024.pdf
203941,no_cases,1,crl.p._498_2024.pdf,crl.p. 498 2024,no valid case citations extracted,Sat Apr 04 2026 00:06:09 GMT+0500 (Pakistan Standard Time),admin-knowledge/830565de-e112-45b0-857c-d80fd888df56/1775211600046-950e4fb2-crl.p._498_2024.pdf
203939,no_cases,1,crl.p._474_l_2024.pdf,crl.p. 474 l 2024,no valid case citations extracted,Sat Apr 04 2026 00:06:09 GMT+0500 (Pakistan Standard Time),admin-knowledge/830565de-e112-45b0-857c-d80fd888df56/1775211598963-2b58ffdf-crl.p._474_l_2024.pdf
203935,no_cases,1,crl.p._457_l_2021.pdf,crl.p. 457 l 2021,no valid case citations extracted,Sat Apr 04 2026 00:06:11 GMT+0500 (Pakistan Standard Time),admin-knowledge/830565de-e112-45b0-857c-d80fd888df56/1775211596149-adf9a7b1-crl.p._457_l_2021.pdf
203931,no_cases,1,crl.p._368_2024.pdf,crl.p. 368 2024,no valid case citations extracted,Sat Apr 04 2026 00:06:15 GMT+0500 (Pakistan Standard Time),admin-knowledge/830565de-e112-45b0-857c-d80fd888df56/1775211593115-18f3f493-crl.p._368_2024.pdf
203924,no_cases,1,Crl.P._300_2018.pdf,Crl.P. 300 2018,no valid case citations extracted,Sat Apr 04 2026 00:06:17 GMT+0500 (Pakistan Standard Time),admin-knowledge/830565de-e112-45b0-857c-d80fd888df56/1775211565764-ccc41568-crl.p._300_2018.pdf
203920,no_cases,1,crl.p._271_2024.pdf,crl.p. 271 2024,no valid case citations extracted,Sat Apr 04 2026 00:06:20 GMT+0500 (Pakistan Standard Time),admin-knowledge/830565de-e112-45b0-857c-d80fd888df56/1775211562258-c02c0049-crl.p._271_2024.pdf
203906,no_cases,1,crl.p._207_2023.pdf,crl.p. 207 2023,no valid case citations extracted,Sat Apr 04 2026 00:06:27 GMT+0500 (Pakistan Standard Time),admin-knowledge/830565de-e112-45b0-857c-d80fd888df56/1775211539101-dc4f370a-crl.p._207_2023.pdf
203904,no_cases,1,Crl.P._198_2016.pdf,Crl.P. 198 2016,no valid case citations extracted,Sat Apr 04 2026 00:06:28 GMT+0500 (Pakistan Standard Time),admin-knowledge/830565de-e112-45b0-857c-d80fd888df56/1775211537732-7a8576b5-crl.p._198_2016.pdf
203903,no_cases,1,crl.p._194_2024.pdf,crl.p. 194 2024,no valid case citations extracted,Sat Apr 04 2026 00:06:28 GMT+0500 (Pakistan Standard Time),admin-knowledge/830565de-e112-45b0-857c-d80fd888df56/1775211537569-f04eb130-crl.p._194_2024.pdf
203902,no_cases,1,crl.p._172_l_2023.pdf,crl.p. 172 l 2023,no valid case citations extracted,Sat Apr 04 2026 00:06:29 GMT+0500 (Pakistan Standard Time),admin-knowledge/830565de-e112-45b0-857c-d80fd888df56/1775211536001-1cbbbc14-crl.p._172_l_2023.pdf
203896,no_cases,1,crl.p._149_k_2024.pdf,crl.p. 149 k 2024,no valid case citations extracted,Sat Apr 04 2026 00:06:30 GMT+0500 (Pakistan Standard Time),admin-knowledge/830565de-e112-45b0-857c-d80fd888df56/1775211532451-d2bfb993-crl.p._149_k_2024.pdf
203895,no_cases,1,crl.p._149_l_2022.pdf,crl.p. 149 l 2022,no valid case citations extracted,Sat Apr 04 2026 00:06:31 GMT+0500 (Pakistan Standard Time),admin-knowledge/830565de-e112-45b0-857c-d80fd888df56/1775211532403-13e55c1e-crl.p._149_l_2022.pdf
203893,no_cases,1,crl.p._128_2024.pdf,crl.p. 128 2024,no valid case citations extracted,Sat Apr 04 2026 00:06:32 GMT+0500 (Pakistan Standard Time),admin-knowledge/830565de-e112-45b0-857c-d80fd888df56/1775211518600-d0b1b2d5-crl.p._128_2024.pdf
203889,no_cases,1,crl.p._94_2025.pdf,crl.p. 94 2025,no valid case citations extracted,Sat Apr 04 2026 00:06:33 GMT+0500 (Pakistan Standard Time),admin-knowledge/830565de-e112-45b0-857c-d80fd888df56/1775211516252-b6477d2e-crl.p._94_2025.pdf
203884,no_cases,1,crl.p._54_p_2012.pdf,crl.p. 54 p 2012,no valid case citations extracted,Sat Apr 04 2026 00:06:36 GMT+0500 (Pakistan Standard Time),admin-knowledge/830565de-e112-45b0-857c-d80fd888df56/1775211503549-e7800507-crl.p._54_p_2012.pdf
203880,no_cases,1,crl.p._35_q_2017.pdf,crl.p. 35 q 2017,no valid case citations extracted,Sat Apr 04 2026 00:06:37 GMT+0500 (Pakistan Standard Time),admin-knowledge/830565de-e112-45b0-857c-d80fd888df56/1775211492193-28473b78-crl.p._35_q_2017.pdf
203878,no_cases,1,crl.p._35_k_2024.pdf,crl.p. 35 k 2024,no valid case citations extracted,Sat Apr 04 2026 00:06:38 GMT+0500 (Pakistan Standard Time),admin-knowledge/830565de-e112-45b0-857c-d80fd888df56/1775211482418-8aec0344-crl.p._35_k_2024.pdf
203877,no_cases,1,crl.p._29_k_2022.pdf,crl.p. 29 k 2022,no valid case citations extracted,Sat Apr 04 2026 00:06:38 GMT+0500 (Pakistan Standard Time),admin-knowledge/830565de-e112-45b0-857c-d80fd888df56/1775211481349-23d15e67-crl.p._29_k_2022.pdf
203875,no_cases,1,crl.o.p.4-k_2023_dt_21_12_2023.pdf,crl.o.p.4 k 2023 dt 21 12 2023,no valid case citations extracted,Sat Apr 04 2026 00:06:39 GMT+0500 (Pakistan Standard Time),admin-knowledge/830565de-e112-45b0-857c-d80fd888df56/1775211480046-f49df46c-crl.o.p.4-k_2023_dt_21_12_2023.pdf
203874,no_cases,1,crl.o.p_233_2017.pdf,crl.o.p 233 2017,no valid case citations extracted,Sat Apr 04 2026 00:06:39 GMT+0500 (Pakistan Standard Time),admin-knowledge/830565de-e112-45b0-857c-d80fd888df56/1775211479571-daab7910-crl.o.p_233_2017.pdf
203873,no_cases,1,crl.o.p._1_k_2023.pdf,crl.o.p. 1 k 2023,no valid case citations extracted,Sat Apr 04 2026 00:06:39 GMT+0500 (Pakistan Standard Time),admin-knowledge/830565de-e112-45b0-857c-d80fd888df56/1775211478242-18b3992a-crl.o.p._1_k_2023.pdf
203872,no_cases,1,crl.o.p._4_k_2023.pdf,crl.o.p. 4 k 2023,no valid case citations extracted,Sat Apr 04 2026 00:06:39 GMT+0500 (Pakistan Standard Time),admin-knowledge/830565de-e112-45b0-857c-d80fd888df56/1775211477999-3ed45179-crl.o.p._4_k_2023.pdf
203867,no_cases,1,crl.m.a._1566_2016.pdf,crl.m.a. 1566 2016,no valid case citations extracted,Sat Apr 04 2026 00:06:42 GMT+0500 (Pakistan Standard Time),admin-knowledge/830565de-e112-45b0-857c-d80fd888df56/1775211464673-dd1189d5-crl.m.a._1566_2016.pdf
203858,no_cases,1,crl.a._577_2019.pdf,crl.a. 577 2019,no valid case citations extracted,Sat Apr 04 2026 00:06:47 GMT+0500 (Pakistan Standard Time),admin-knowledge/830565de-e112-45b0-857c-d80fd888df56/1775211424646-b0e1c55e-crl.a._577_2019.pdf
203857,no_cases,1,crl.a._558_2019.pdf,crl.a. 558 2019,no valid case citations extracted,Sat Apr 04 2026 00:06:47 GMT+0500 (Pakistan Standard Time),admin-knowledge/830565de-e112-45b0-857c-d80fd888df56/1775211419455-dcac8684-crl.a._558_2019.pdf
203853,no_cases,1,crl.a._505_2019.pdf,crl.a. 505 2019,no valid case citations extracted,Sat Apr 04 2026 00:06:51 GMT+0500 (Pakistan Standard Time),admin-knowledge/830565de-e112-45b0-857c-d80fd888df56/1775211416513-52503f4d-crl.a._505_2019.pdf
203851,no_cases,1,crl.a._502_2019.pdf,crl.a. 502 2019,no valid case citations extracted,Sat Apr 04 2026 00:06:52 GMT+0500 (Pakistan Standard Time),admin-knowledge/830565de-e112-45b0-857c-d80fd888df56/1775211414516-f7d9ab47-crl.a._502_2019.pdf
203849,no_cases,1,crl.a._425_2019.pdf,crl.a. 425 2019,no valid case citations extracted,Sat Apr 04 2026 00:06:52 GMT+0500 (Pakistan Standard Time),admin-knowledge/830565de-e112-45b0-857c-d80fd888df56/1775211412097-f2dcbe7c-crl.a._425_2019.pdf
203834,no_cases,1,crl.a._181_2022.pdf,crl.a. 181 2022,no valid case citations extracted,Sat Apr 04 2026 00:07:00 GMT+0500 (Pakistan Standard Time),admin-knowledge/830565de-e112-45b0-857c-d80fd888df56/1775211386169-43027230-crl.a._181_2022.pdf
203830,no_cases,1,crl.a._131_2023.pdf,crl.a. 131 2023,no valid case citations extracted,Sat Apr 04 2026 00:07:02 GMT+0500 (Pakistan Standard Time),admin-knowledge/830565de-e112-45b0-857c-d80fd888df56/1775211380462-d5aa4764-crl.a._131_2023.pdf
203814,no_cases,1,constp.p._47_2023.pdf,constp.p. 47 2023,no valid case citations extracted,Sat Apr 04 2026 00:07:10 GMT+0500 (Pakistan Standard Time),admin-knowledge/830565de-e112-45b0-857c-d80fd888df56/1775211240076-58649c5c-constp.p._47_2023.pdf
203813,no_cases,1,const.p_21_2022_dn.pdf,const.p 21 2022 dn,no valid case citations extracted,Sat Apr 04 2026 00:07:10 GMT+0500 (Pakistan Standard Time),admin-knowledge/830565de-e112-45b0-857c-d80fd888df56/1775211239974-96488871-const.p_21_2022_dn.pdf
203812,no_cases,1,const.p._43_2023.pdf,const.p. 43 2023,no valid case citations extracted,Sat Apr 04 2026 00:07:10 GMT+0500 (Pakistan Standard Time),admin-knowledge/830565de-e112-45b0-857c-d80fd888df56/1775211238994-a77b9fa0-const.p._43_2023.pdf
203811,no_cases,1,const.p._42_2022_30072024.pdf,const.p. 42 2022 30072024,no valid case citations extracted,Sat Apr 04 2026 00:07:10 GMT+0500 (Pakistan Standard Time),admin-knowledge/830565de-e112-45b0-857c-d80fd888df56/1775211238939-d086524b-const.p._42_2022_30072024.pdf
203810,no_cases,1,const.p._42_2022_06052024.pdf,const.p. 42 2022 06052024,no valid case citations extracted,Sat Apr 04 2026 00:07:10 GMT+0500 (Pakistan Standard Time),admin-knowledge/830565de-e112-45b0-857c-d80fd888df56/1775211237742-0e266a00-const.p._42_2022_06052024.pdf
203808,no_cases,1,const.p._42_2022_01072024.pdf,const.p. 42 2022 01072024,no valid case citations extracted,Sat Apr 04 2026 00:07:11 GMT+0500 (Pakistan Standard Time),admin-knowledge/830565de-e112-45b0-857c-d80fd888df56/1775211236091-7d04869a-const.p._42_2022_01072024.pdf
203805,no_cases,1,const.p._26_2016.pdf,const.p. 26 2016,no valid case citations extracted,Sat Apr 04 2026 00:07:11 GMT+0500 (Pakistan Standard Time),admin-knowledge/830565de-e112-45b0-857c-d80fd888df56/1775211234634-30ee96bc-const.p._26_2016.pdf
203801,no_cases,1,const.p._24_2023_23102023_2.pdf,const.p. 24 2023 23102023 2,no valid case citations extracted,Sat Apr 04 2026 00:07:15 GMT+0500 (Pakistan Standard Time),admin-knowledge/830565de-e112-45b0-857c-d80fd888df56/1775211213421-15f49b48-const.p._24_2023_23102023_2.pdf
203800,no_cases,1,const.p._24_2023_23102023_1.pdf,const.p. 24 2023 23102023 1,no valid case citations extracted,Sat Apr 04 2026 00:07:15 GMT+0500 (Pakistan Standard Time),admin-knowledge/830565de-e112-45b0-857c-d80fd888df56/1775211213296-2643a069-const.p._24_2023_23102023_1.pdf
203799,no_cases,1,const.p._24_2023_23102023.pdf,const.p. 24 2023 23102023,no valid case citations extracted,Sat Apr 04 2026 00:07:15 GMT+0500 (Pakistan Standard Time),admin-knowledge/830565de-e112-45b0-857c-d80fd888df56/1775211212099-fd79f244-const.p._24_2023_23102023.pdf
203798,no_cases,1,const.p._22_2025_17042025r_4.pdf,const.p. 22 2025 17042025r 4,no valid case citations extracted,Sat Apr 04 2026 00:07:15 GMT+0500 (Pakistan Standard Time),admin-knowledge/830565de-e112-45b0-857c-d80fd888df56/1775211212094-7dd4a24d-const.p._22_2025_17042025r_4.pdf
203797,no_cases,1,const.p._22_2025_17042025r_3.pdf,const.p. 22 2025 17042025r 3,no valid case citations extracted,Sat Apr 04 2026 00:07:15 GMT+0500 (Pakistan Standard Time),admin-knowledge/830565de-e112-45b0-857c-d80fd888df56/1775211210703-4359eef7-const.p._22_2025_17042025r_3.pdf
203796,no_cases,1,const.p._22_2025_17042025r_2.pdf,const.p. 22 2025 17042025r 2,no valid case citations extracted,Sat Apr 04 2026 00:07:16 GMT+0500 (Pakistan Standard Time),admin-knowledge/830565de-e112-45b0-857c-d80fd888df56/1775211210604-fa938313-const.p._22_2025_17042025r_2.pdf
203795,no_cases,1,const.p._22_2025_17042025r_1.pdf,const.p. 22 2025 17042025r 1,no valid case citations extracted,Sat Apr 04 2026 00:07:16 GMT+0500 (Pakistan Standard Time),admin-knowledge/830565de-e112-45b0-857c-d80fd888df56/1775211209205-43d99433-const.p._22_2025_17042025r_1.pdf
203794,no_cases,1,const.p._22_2025_17042025r.pdf,const.p. 22 2025 17042025r,no valid case citations extracted,Sat Apr 04 2026 00:07:16 GMT+0500 (Pakistan Standard Time),admin-knowledge/830565de-e112-45b0-857c-d80fd888df56/1775211209100-6af74622-const.p._22_2025_17042025r.pdf
203793,no_cases,1,const.p._22_2025_14042025_r_3.pdf,const.p. 22 2025 14042025 r 3,no valid case citations extracted,Sat Apr 04 2026 00:07:16 GMT+0500 (Pakistan Standard Time),admin-knowledge/830565de-e112-45b0-857c-d80fd888df56/1775211207764-7f42625e-const.p._22_2025_14042025_r_3.pdf
203792,no_cases,1,const.p._22_2025_14042025_r_4.pdf,const.p. 22 2025 14042025 r 4,no valid case citations extracted,Sat Apr 04 2026 00:07:16 GMT+0500 (Pakistan Standard Time),admin-knowledge/830565de-e112-45b0-857c-d80fd888df56/1775211207732-a35f65e5-const.p._22_2025_14042025_r_4.pdf
203791,no_cases,1,const.p._22_2025_14042025_r_1.pdf,const.p. 22 2025 14042025 r 1,no valid case citations extracted,Sat Apr 04 2026 00:07:17 GMT+0500 (Pakistan Standard Time),admin-knowledge/830565de-e112-45b0-857c-d80fd888df56/1775211206546-337542f7-const.p._22_2025_14042025_r_1.pdf
203790,no_cases,1,const.p._22_2025_14042025_r_2.pdf,const.p. 22 2025 14042025 r 2,no valid case citations extracted,Sat Apr 04 2026 00:07:17 GMT+0500 (Pakistan Standard Time),admin-knowledge/830565de-e112-45b0-857c-d80fd888df56/1775211206474-a2b97529-const.p._22_2025_14042025_r_2.pdf
203788,no_cases,1,const.p._22_2025_14042025_r.pdf,const.p. 22 2025 14042025 r,no valid case citations extracted,Sat Apr 04 2026 00:07:19 GMT+0500 (Pakistan Standard Time),admin-knowledge/830565de-e112-45b0-857c-d80fd888df56/1775211203147-8446a089-const.p._22_2025_14042025_r.pdf
203786,no_cases,1,const.p._21_2022_note_18082023.pdf,const.p. 21 2022 note 18082023,no valid case citations extracted,Sat Apr 04 2026 00:07:21 GMT+0500 (Pakistan Standard Time),admin-knowledge/830565de-e112-45b0-857c-d80fd888df56/1775211200444-ea5ddf6b-const.p._21_2022_note_18082023.pdf
203785,no_cases,1,const.p._21_2022_16052023.pdf,const.p. 21 2022 16052023,no valid case citations extracted,Sat Apr 04 2026 00:07:22 GMT+0500 (Pakistan Standard Time),admin-knowledge/830565de-e112-45b0-857c-d80fd888df56/1775211199549-c81aae39-const.p._21_2022_16052023.pdf
203783,no_cases,1,const.p._21_2022_16032023.pdf,const.p. 21 2022 16032023,no valid case citations extracted,Sat Apr 04 2026 00:07:22 GMT+0500 (Pakistan Standard Time),admin-knowledge/830565de-e112-45b0-857c-d80fd888df56/1775211197776-3f777ea1-const.p._21_2022_16032023.pdf
203780,no_cases,1,const.p._13_2023_09052023.pdf,const.p. 13 2023 09052023,no valid case citations extracted,Sat Apr 04 2026 00:07:23 GMT+0500 (Pakistan Standard Time),admin-knowledge/830565de-e112-45b0-857c-d80fd888df56/1775211195224-a4b8a7b1-const.p._13_2023_09052023.pdf
203775,no_cases,1,const.p._6_2023_dn.pdf,const.p. 6 2023 dn,no valid case citations extracted,Sat Apr 04 2026 00:07:27 GMT+0500 (Pakistan Standard Time),admin-knowledge/830565de-e112-45b0-857c-d80fd888df56/1775211189395-4b775bbf-const.p._6_2023_dn.pdf
203768,no_cases,1,const.p._5_2023_31032023.pdf,const.p. 5 2023 31032023,no valid case citations extracted,Sat Apr 04 2026 00:07:34 GMT+0500 (Pakistan Standard Time),admin-knowledge/830565de-e112-45b0-857c-d80fd888df56/1775211181640-48b034fd-const.p._5_2023_31032023.pdf
203763,no_cases,1,c.r.p._758_2019.pdf,c.r.p. 758 2019,no valid case citations extracted,Sat Apr 04 2026 00:07:35 GMT+0500 (Pakistan Standard Time),admin-knowledge/830565de-e112-45b0-857c-d80fd888df56/1775211151960-01814e88-c.r.p._758_2019.pdf
203761,no_cases,1,c.r.p._540_2023.pdf,c.r.p. 540 2023,no valid case citations extracted,Sat Apr 04 2026 00:07:35 GMT+0500 (Pakistan Standard Time),admin-knowledge/830565de-e112-45b0-857c-d80fd888df56/1775211025632-ebc623ac-c.r.p._540_2023.pdf
203746,no_cases,1,c.r.p._104_l_2019.pdf,c.r.p. 104 l 2019,no valid case citations extracted,Sat Apr 04 2026 00:07:51 GMT+0500 (Pakistan Standard Time),admin-knowledge/830565de-e112-45b0-857c-d80fd888df56/1775211009856-e05d81c7-c.r.p._104_l_2019.pdf
203744,no_cases,1,c.r.p._35_k_2020.pdf,c.r.p. 35 k 2020,no valid case citations extracted,Sat Apr 04 2026 00:07:51 GMT+0500 (Pakistan Standard Time),admin-knowledge/830565de-e112-45b0-857c-d80fd888df56/1775211008128-58404fc4-c.r.p._35_k_2020.pdf
203741,no_cases,1,c.p.l.a.928_l_2021.pdf,c.p.l.a.928 l 2021,no valid case citations extracted,Sat Apr 04 2026 00:07:52 GMT+0500 (Pakistan Standard Time),admin-knowledge/830565de-e112-45b0-857c-d80fd888df56/1775210978527-fbe3bcfc-c.p.l.a.928_l_2021.pdf
203739,no_cases,1,c.p.614_p_2022.pdf,c.p.614 p 2022,no valid case citations extracted,Sat Apr 04 2026 00:07:54 GMT+0500 (Pakistan Standard Time),admin-knowledge/830565de-e112-45b0-857c-d80fd888df56/1775210977235-71390882-c.p.614_p_2022.pdf
203737,no_cases,1,c.p._6406_2021.pdf,c.p. 6406 2021,no valid case citations extracted,Sat Apr 04 2026 00:07:55 GMT+0500 (Pakistan Standard Time),admin-knowledge/830565de-e112-45b0-857c-d80fd888df56/1775210975948-173cad88-c.p._6406_2021.pdf
203731,no_cases,1,c.p._5877_2021.pdf,c.p. 5877 2021,no valid case citations extracted,Sat Apr 04 2026 00:07:57 GMT+0500 (Pakistan Standard Time),admin-knowledge/830565de-e112-45b0-857c-d80fd888df56/1775210971571-b9f932ef-c.p._5877_2021.pdf
203729,no_cases,1,c.p._5671_2021.pdf,c.p. 5671 2021,no valid case citations extracted,Sat Apr 04 2026 00:07:58 GMT+0500 (Pakistan Standard Time),admin-knowledge/830565de-e112-45b0-857c-d80fd888df56/1775210970413-6afd94e8-c.p._5671_2021.pdf
203727,no_cases,1,c.p._5633_2021.pdf,c.p. 5633 2021,no valid case citations extracted,Sat Apr 04 2026 00:07:58 GMT+0500 (Pakistan Standard Time),admin-knowledge/830565de-e112-45b0-857c-d80fd888df56/1775210969349-b6e1f870-c.p._5633_2021.pdf
203721,no_cases,1,c.p._5029_2024.pdf,c.p. 5029 2024,no valid case citations extracted,Sat Apr 04 2026 00:08:00 GMT+0500 (Pakistan Standard Time),admin-knowledge/830565de-e112-45b0-857c-d80fd888df56/1775210966269-df535a7a-c.p._5029_2024.pdf
203715,no_cases,1,c.p._4618_2019.pdf,c.p. 4618 2019,no valid case citations extracted,Sat Apr 04 2026 00:08:02 GMT+0500 (Pakistan Standard Time),admin-knowledge/830565de-e112-45b0-857c-d80fd888df56/1775210962309-201893bd-c.p._4618_2019.pdf
203713,no_cases,1,c.p._4599_2017.pdf,c.p. 4599 2017,no valid case citations extracted,Sat Apr 04 2026 00:08:03 GMT+0500 (Pakistan Standard Time),admin-knowledge/830565de-e112-45b0-857c-d80fd888df56/1775210961301-a105d2f9-c.p._4599_2017.pdf
203707,no_cases,1,c.p._4305_2023.pdf,c.p. 4305 2023,no valid case citations extracted,Sat Apr 04 2026 00:08:05 GMT+0500 (Pakistan Standard Time),admin-knowledge/830565de-e112-45b0-857c-d80fd888df56/1775210957519-38b7afcc-c.p._4305_2023.pdf
203701,no_cases,1,c.p._3988_2019.pdf,c.p. 3988 2019,no valid case citations extracted,Sat Apr 04 2026 00:08:09 GMT+0500 (Pakistan Standard Time),admin-knowledge/830565de-e112-45b0-857c-d80fd888df56/1775210953068-06859b73-c.p._3988_2019.pdf
203693,no_cases,1,c.p._3877_2023.pdf,c.p. 3877 2023,no valid case citations extracted,Sat Apr 04 2026 00:08:14 GMT+0500 (Pakistan Standard Time),admin-knowledge/830565de-e112-45b0-857c-d80fd888df56/1775210946802-c530f358-c.p._3877_2023.pdf
203689,no_cases,1,c.p._3811_2019.pdf,c.p. 3811 2019,no valid case citations extracted,Sat Apr 04 2026 00:08:17 GMT+0500 (Pakistan Standard Time),admin-knowledge/830565de-e112-45b0-857c-d80fd888df56/1775210943026-a7a925eb-c.p._3811_2019.pdf
203685,no_cases,1,c.p._3760_2019.pdf,c.p. 3760 2019,no valid case citations extracted,Sat Apr 04 2026 00:08:20 GMT+0500 (Pakistan Standard Time),admin-knowledge/830565de-e112-45b0-857c-d80fd888df56/1775210939687-62ae3c60-c.p._3760_2019.pdf
203677,no_cases,1,c.p._3601_l_2022.pdf,c.p. 3601 l 2022,no valid case citations extracted,Sat Apr 04 2026 00:08:27 GMT+0500 (Pakistan Standard Time),admin-knowledge/830565de-e112-45b0-857c-d80fd888df56/1775210932158-451e58e3-c.p._3601_l_2022.pdf
203675,no_cases,1,c.p._3598_2020.pdf,c.p. 3598 2020,no valid case citations extracted,Sat Apr 04 2026 00:08:29 GMT+0500 (Pakistan Standard Time),admin-knowledge/830565de-e112-45b0-857c-d80fd888df56/1775210931075-6d446d0d-c.p._3598_2020.pdf
203673,no_cases,1,c.p._3589_2022.pdf,c.p. 3589 2022,no valid case citations extracted,Sat Apr 04 2026 00:08:29 GMT+0500 (Pakistan Standard Time),admin-knowledge/830565de-e112-45b0-857c-d80fd888df56/1775210686564-9f2b765d-c.p._3589_2022.pdf
203671,no_cases,1,c.p._3532_2023_additional_note.pdf,c.p. 3532 2023 additional note,no valid case citations extracted,Sat Apr 04 2026 00:08:30 GMT+0500 (Pakistan Standard Time),admin-knowledge/830565de-e112-45b0-857c-d80fd888df56/1775210643629-ec48c4ec-c.p._3532_2023_additional_note.pdf
203669,no_cases,1,c.p._3520_2020.pdf,c.p. 3520 2020,no valid case citations extracted,Sat Apr 04 2026 00:08:30 GMT+0500 (Pakistan Standard Time),admin-knowledge/830565de-e112-45b0-857c-d80fd888df56/1775210642662-79ff329c-c.p._3520_2020.pdf
203668,no_cases,1,c.p._3519_2021.pdf,c.p. 3519 2021,no valid case citations extracted,Sat Apr 04 2026 00:08:30 GMT+0500 (Pakistan Standard Time),admin-knowledge/830565de-e112-45b0-857c-d80fd888df56/1775210642471-01c51161-c.p._3519_2021.pdf
203665,no_cases,1,c.p._3501_2021.pdf,c.p. 3501 2021,no valid case citations extracted,Sat Apr 04 2026 00:08:32 GMT+0500 (Pakistan Standard Time),admin-knowledge/830565de-e112-45b0-857c-d80fd888df56/1775210639057-cd5c03d5-c.p._3501_2021.pdf
203663,no_cases,1,c.p._3463_2021.pdf,c.p. 3463 2021,no valid case citations extracted,Sat Apr 04 2026 00:08:33 GMT+0500 (Pakistan Standard Time),admin-knowledge/830565de-e112-45b0-857c-d80fd888df56/1775210637773-6a514902-c.p._3463_2021.pdf
203655,no_cases,1,c.p._3367_2018.pdf,c.p. 3367 2018,no valid case citations extracted,Sat Apr 04 2026 00:08:39 GMT+0500 (Pakistan Standard Time),admin-knowledge/830565de-e112-45b0-857c-d80fd888df56/1775210631915-6f5c29c6-c.p._3367_2018.pdf
203653,no_cases,1,c.p._3297_2024.pdf,c.p. 3297 2024,no valid case citations extracted,Sat Apr 04 2026 00:08:39 GMT+0500 (Pakistan Standard Time),admin-knowledge/830565de-e112-45b0-857c-d80fd888df56/1775210630874-0bd0b979-c.p._3297_2024.pdf
203649,no_cases,1,c.p._3263_2022.pdf,c.p. 3263 2022,no valid case citations extracted,Sat Apr 04 2026 00:08:40 GMT+0500 (Pakistan Standard Time),admin-knowledge/830565de-e112-45b0-857c-d80fd888df56/1775210627103-62ee5fb3-c.p._3263_2022.pdf
203643,no_cases,1,c.p._3209_2019.pdf,c.p. 3209 2019,no valid case citations extracted,Sat Apr 04 2026 00:08:43 GMT+0500 (Pakistan Standard Time),admin-knowledge/830565de-e112-45b0-857c-d80fd888df56/1775210623362-5b523870-c.p._3209_2019.pdf
203639,no_cases,1,c.p._3157_2022.pdf,c.p. 3157 2022,no valid case citations extracted,Sat Apr 04 2026 00:08:45 GMT+0500 (Pakistan Standard Time),admin-knowledge/830565de-e112-45b0-857c-d80fd888df56/1775210620817-079c64ba-c.p._3157_2022.pdf
203636,no_cases,1,c.p._3155_l_2023.pdf,c.p. 3155 l 2023,no valid case citations extracted,Sat Apr 04 2026 00:08:45 GMT+0500 (Pakistan Standard Time),admin-knowledge/830565de-e112-45b0-857c-d80fd888df56/1775210618968-fb33a972-c.p._3155_l_2023.pdf
203631,no_cases,1,c.p._3112_2020.pdf,c.p. 3112 2020,no valid case citations extracted,Sat Apr 04 2026 00:08:50 GMT+0500 (Pakistan Standard Time),admin-knowledge/830565de-e112-45b0-857c-d80fd888df56/1775210355338-ce0e5df4-c.p._3112_2020.pdf
203629,no_cases,1,c.p._3107_2018.pdf,c.p. 3107 2018,no valid case citations extracted,Sat Apr 04 2026 00:08:51 GMT+0500 (Pakistan Standard Time),admin-knowledge/830565de-e112-45b0-857c-d80fd888df56/1775210353419-c0ef7941-c.p._3107_2018.pdf
203624,no_cases,1,c.p._2997_2021.pdf,c.p. 2997 2021,no valid case citations extracted,Sat Apr 04 2026 00:08:52 GMT+0500 (Pakistan Standard Time),admin-knowledge/830565de-e112-45b0-857c-d80fd888df56/1775210338720-720032f9-c.p._2997_2021.pdf
204084,merged,1,s.m.c._4_2022_30mar2023.pdf,s.m.c. 4 2022 30mar2023,,Sat Apr 04 2026 00:04:50 GMT+0500 (Pakistan Standard Time),admin-knowledge/830565de-e112-45b0-857c-d80fd888df56/1775211905523-4bc11b16-s.m.c._4_2022_30mar2023.pdf
204082,merged,1,s.m.c._1_2024_an.pdf,s.m.c. 1 2024 an,,Sat Apr 04 2026 00:04:51 GMT+0500 (Pakistan Standard Time),admin-knowledge/830565de-e112-45b0-857c-d80fd888df56/1775211904405-cea42656-s.m.c._1_2024_an.pdf
204081,merged,1,s.m.c._1_2023_12062023.pdf,s.m.c. 1 2023 12062023,,Sat Apr 04 2026 00:04:51 GMT+0500 (Pakistan Standard Time),admin-knowledge/830565de-e112-45b0-857c-d80fd888df56/1775211902564-e65f927e-s.m.c._1_2023_12062023.pdf
204080,merged,1,s.m.c._1_2023_27032023.pdf,s.m.c. 1 2023 27032023,,Sat Apr 04 2026 00:04:53 GMT+0500 (Pakistan Standard Time),admin-knowledge/830565de-e112-45b0-857c-d80fd888df56/1775211902275-d02eb9d2-s.m.c._1_2023_27032023.pdf
204079,merged,1,s.m.c._1_2023_07042023.pdf,s.m.c. 1 2023 07042023,,Sat Apr 04 2026 00:04:55 GMT+0500 (Pakistan Standard Time),admin-knowledge/830565de-e112-45b0-857c-d80fd888df56/1775211900157-d106c3ad-s.m.c._1_2023_07042023.pdf
204078,merged,1,s.m.c._1_2023_31mar2023.pdf,s.m.c. 1 2023 31mar2023,,Sat Apr 04 2026 00:04:55 GMT+0500 (Pakistan Standard Time),admin-knowledge/830565de-e112-45b0-857c-d80fd888df56/1775211899899-8b689fda-s.m.c._1_2023_31mar2023.pdf
204075,merged,1,reference_1_2011_an_27112024.pdf,reference 1 2011 an 27112024,,Sat Apr 04 2026 00:04:56 GMT+0500 (Pakistan Standard Time),admin-knowledge/830565de-e112-45b0-857c-d80fd888df56/1775211896914-6dc782d0-reference_1_2011_an_27112024.pdf
204071,merged,1,Offence of Qazf (Enforcement of Hadood) Ord. 1979.pdf,Offence of Qazf (Enforcement of Hadood) Ord. 1979,,Sat Apr 04 2026 00:04:57 GMT+0500 (Pakistan Standard Time),admin-knowledge/830565de-e112-45b0-857c-d80fd888df56/1775211805136-e034f8f1-offence-of-qazf-enforcement-of-hadood-ord.-1979.pdf
204069,merged,1,j.p._587_2016.pdf,j.p. 587 2016,,Sat Apr 04 2026 00:04:58 GMT+0500 (Pakistan Standard Time),admin-knowledge/830565de-e112-45b0-857c-d80fd888df56/1775211787698-aec3ea4f-j.p._587_2016.pdf
204067,merged,1,j.p._555_2017.pdf,j.p. 555 2017,,Sat Apr 04 2026 00:04:59 GMT+0500 (Pakistan Standard Time),admin-knowledge/830565de-e112-45b0-857c-d80fd888df56/1775211785705-34a2dc63-j.p._555_2017.pdf
204060,merged,1,j.p._441_2019 (1).pdf,j.p. 441 2019 (1),,Sat Apr 04 2026 00:05:00 GMT+0500 (Pakistan Standard Time),admin-knowledge/830565de-e112-45b0-857c-d80fd888df56/1775211781718-9884549c-j.p._441_2019-1.pdf
204058,merged,1,j.p._441_2017.pdf,j.p. 441 2017,,Sat Apr 04 2026 00:05:01 GMT+0500 (Pakistan Standard Time),admin-knowledge/830565de-e112-45b0-857c-d80fd888df56/1775211780633-f2458dd0-j.p._441_2017.pdf
204057,merged,1,j.p._431_2016.pdf,j.p. 431 2016,,Sat Apr 04 2026 00:05:02 GMT+0500 (Pakistan Standard Time),admin-knowledge/830565de-e112-45b0-857c-d80fd888df56/1775211778898-65981224-j.p._431_2016.pdf
204056,merged,1,j.p._419_2022.pdf,j.p. 419 2022,,Sat Apr 04 2026 00:05:02 GMT+0500 (Pakistan Standard Time),admin-knowledge/830565de-e112-45b0-857c-d80fd888df56/1775211778775-47ede65f-j.p._419_2022.pdf
204055,merged,1,j.p._389_2023_07032025.pdf,j.p. 389 2023 07032025,,Sat Apr 04 2026 00:05:03 GMT+0500 (Pakistan Standard Time),admin-knowledge/830565de-e112-45b0-857c-d80fd888df56/1775211764832-fc3fd339-j.p._389_2023_07032025.pdf
204053,merged,1,j.p._375_2019.pdf,j.p. 375 2019,,Sat Apr 04 2026 00:05:04 GMT+0500 (Pakistan Standard Time),admin-knowledge/830565de-e112-45b0-857c-d80fd888df56/1775211763121-b9bce114-j.p._375_2019.pdf
204052,merged,1,j.p._314_2017.pdf,j.p. 314 2017,,Sat Apr 04 2026 00:05:05 GMT+0500 (Pakistan Standard Time),admin-knowledge/830565de-e112-45b0-857c-d80fd888df56/1775211761734-9dc08abd-j.p._314_2017.pdf
204051,merged,1,j.p._343_2023.pdf,j.p. 343 2023,,Sat Apr 04 2026 00:05:05 GMT+0500 (Pakistan Standard Time),admin-knowledge/830565de-e112-45b0-857c-d80fd888df56/1775211761680-3710d141-j.p._343_2023.pdf
204049,merged,1,j.p._249_2018.pdf,j.p. 249 2018,,Sat Apr 04 2026 00:05:06 GMT+0500 (Pakistan Standard Time),admin-knowledge/830565de-e112-45b0-857c-d80fd888df56/1775211760135-a6b1c690-j.p._249_2018.pdf
204048,merged,1,j.p._238_2008_r.pdf,j.p. 238 2008 r,,Sat Apr 04 2026 00:05:07 GMT+0500 (Pakistan Standard Time),admin-knowledge/830565de-e112-45b0-857c-d80fd888df56/1775211758809-507ff473-j.p._238_2008_r.pdf
204047,merged,1,j.p._234_2017.pdf,j.p. 234 2017,,Sat Apr 04 2026 00:05:08 GMT+0500 (Pakistan Standard Time),admin-knowledge/830565de-e112-45b0-857c-d80fd888df56/1775211758690-b1882a25-j.p._234_2017.pdf
204046,merged,1,j.p._195_2017.pdf,j.p. 195 2017,,Sat Apr 04 2026 00:05:09 GMT+0500 (Pakistan Standard Time),admin-knowledge/830565de-e112-45b0-857c-d80fd888df56/1775211757116-53559bd1-j.p._195_2017.pdf
204045,merged,1,j.p._233_2015.pdf,j.p. 233 2015,,Sat Apr 04 2026 00:05:09 GMT+0500 (Pakistan Standard Time),admin-knowledge/830565de-e112-45b0-857c-d80fd888df56/1775211756923-8b9ba06c-j.p._233_2015.pdf
204042,merged,1,j.p._181_2016.pdf,j.p. 181 2016,,Sat Apr 04 2026 00:05:10 GMT+0500 (Pakistan Standard Time),admin-knowledge/830565de-e112-45b0-857c-d80fd888df56/1775211754060-f13b7523-j.p._181_2016.pdf
204041,merged,1,j.p._181_2016 (1).pdf,j.p. 181 2016 (1),,Sat Apr 04 2026 00:05:11 GMT+0500 (Pakistan Standard Time),admin-knowledge/830565de-e112-45b0-857c-d80fd888df56/1775211753945-5f1838f4-j.p._181_2016-1.pdf
204040,merged,1,j.p._147_2016.pdf,j.p. 147 2016,,Sat Apr 04 2026 00:05:14 GMT+0500 (Pakistan Standard Time),admin-knowledge/830565de-e112-45b0-857c-d80fd888df56/1775211750819-98a92eb3-j.p._147_2016.pdf
204039,merged,1,j.p._120_2017.pdf,j.p. 120 2017,,Sat Apr 04 2026 00:05:15 GMT+0500 (Pakistan Standard Time),admin-knowledge/830565de-e112-45b0-857c-d80fd888df56/1775211750447-269d8cc3-j.p._120_2017.pdf
204036,merged,1,j.p._29_2021.pdf,j.p. 29 2021,,Sat Apr 04 2026 00:05:16 GMT+0500 (Pakistan Standard Time),admin-knowledge/830565de-e112-45b0-857c-d80fd888df56/1775211747613-6375f481-j.p._29_2021.pdf
204034,merged,1,i.c.a._5_2023_so_07052025_4.pdf,i.c.a. 5 2023 so 07052025 4,,Sat Apr 04 2026 00:05:17 GMT+0500 (Pakistan Standard Time),admin-knowledge/830565de-e112-45b0-857c-d80fd888df56/1775211733381-504058d4-i.c.a._5_2023_so_07052025_4.pdf
204033,merged,1,i.c.a._5_2023_so_07052025_3.pdf,i.c.a. 5 2023 so 07052025 3,,Sat Apr 04 2026 00:05:17 GMT+0500 (Pakistan Standard Time),admin-knowledge/830565de-e112-45b0-857c-d80fd888df56/1775211732237-e807153a-i.c.a._5_2023_so_07052025_3.pdf
204032,merged,1,i.c.a._5_2023_so_07052025_2.pdf,i.c.a. 5 2023 so 07052025 2,,Sat Apr 04 2026 00:05:18 GMT+0500 (Pakistan Standard Time),admin-knowledge/830565de-e112-45b0-857c-d80fd888df56/1775211732216-a737a38f-i.c.a._5_2023_so_07052025_2.pdf
204031,merged,1,i.c.a._5_2023_so_07052025_1.pdf,i.c.a. 5 2023 so 07052025 1,,Sat Apr 04 2026 00:05:18 GMT+0500 (Pakistan Standard Time),admin-knowledge/830565de-e112-45b0-857c-d80fd888df56/1775211731053-ab73f923-i.c.a._5_2023_so_07052025_1.pdf
204030,merged,1,i.c.a._5_2023_so_07052025.pdf,i.c.a. 5 2023 so 07052025,,Sat Apr 04 2026 00:05:19 GMT+0500 (Pakistan Standard Time),admin-knowledge/830565de-e112-45b0-857c-d80fd888df56/1775211730980-35235c34-i.c.a._5_2023_so_07052025.pdf
204027,merged,1,i.c.a._5_2023_3.pdf,i.c.a. 5 2023 3,,Sat Apr 04 2026 00:05:20 GMT+0500 (Pakistan Standard Time),admin-knowledge/830565de-e112-45b0-857c-d80fd888df56/1775211728391-e2e665e2-i.c.a._5_2023_3.pdf
204026,merged,1,i.c.a._5_2023_4.pdf,i.c.a. 5 2023 4,,Sat Apr 04 2026 00:05:20 GMT+0500 (Pakistan Standard Time),admin-knowledge/830565de-e112-45b0-857c-d80fd888df56/1775211728327-cbb7e409-i.c.a._5_2023_4.pdf
204025,merged,1,i.c.a._5_2023_2.pdf,i.c.a. 5 2023 2,,Sat Apr 04 2026 00:05:21 GMT+0500 (Pakistan Standard Time),admin-knowledge/830565de-e112-45b0-857c-d80fd888df56/1775211727485-0d7130a1-i.c.a._5_2023_2.pdf
204024,merged,1,i.c.a._5_2023_1.pdf,i.c.a. 5 2023 1,,Sat Apr 04 2026 00:05:21 GMT+0500 (Pakistan Standard Time),admin-knowledge/830565de-e112-45b0-857c-d80fd888df56/1775211727441-67a99817-i.c.a._5_2023_1.pdf
204022,merged,1,i.c.a._5_2023.pdf,i.c.a. 5 2023,,Sat Apr 04 2026 00:05:22 GMT+0500 (Pakistan Standard Time),admin-knowledge/830565de-e112-45b0-857c-d80fd888df56/1775211726318-ef0fc6e2-i.c.a._5_2023.pdf
204018,merged,1,i.c.a._2_2023_23102024.pdf,i.c.a. 2 2023 23102024,,Sat Apr 04 2026 00:05:24 GMT+0500 (Pakistan Standard Time),admin-knowledge/830565de-e112-45b0-857c-d80fd888df56/1775211722590-1ab42b32-i.c.a._2_2023_23102024.pdf
204016,merged,1,i.c.a._2_2023_06092024.pdf,i.c.a. 2 2023 06092024,,Sat Apr 04 2026 00:05:25 GMT+0500 (Pakistan Standard Time),admin-knowledge/830565de-e112-45b0-857c-d80fd888df56/1775211720795-9b93a235-i.c.a._2_2023_06092024.pdf
204015,merged,1,i.c.a._1_2024_dn_20032024.pdf,i.c.a. 1 2024 dn 20032024,,Sat Apr 04 2026 00:05:27 GMT+0500 (Pakistan Standard Time),admin-knowledge/830565de-e112-45b0-857c-d80fd888df56/1775211718167-5727dd17-i.c.a._1_2024_dn_20032024.pdf
204014,merged,1,i.c.a._1_2024_15032024.pdf,i.c.a. 1 2024 15032024,,Sat Apr 04 2026 00:05:29 GMT+0500 (Pakistan Standard Time),admin-knowledge/830565de-e112-45b0-857c-d80fd888df56/1775211717950-4457ee85-i.c.a._1_2024_15032024.pdf
204012,merged,1,h.r.c._82928_2018.pdf,h.r.c. 82928 2018,,Sat Apr 04 2026 00:05:29 GMT+0500 (Pakistan Standard Time),admin-knowledge/830565de-e112-45b0-857c-d80fd888df56/1775211715985-322debb2-h.r.c._82928_2018.pdf
204009,merged,1,crl.s.m.r.p._84_2018.pdf,crl.s.m.r.p. 84 2018,,Sat Apr 04 2026 00:05:37 GMT+0500 (Pakistan Standard Time),admin-knowledge/830565de-e112-45b0-857c-d80fd888df56/1775211687479-e4f4b2b1-crl.s.m.r.p._84_2018.pdf
204008,merged,1,crl.r.p._103_2017.pdf,crl.r.p. 103 2017,,Sat Apr 04 2026 00:05:38 GMT+0500 (Pakistan Standard Time),admin-knowledge/830565de-e112-45b0-857c-d80fd888df56/1775211687194-d2de4337-crl.r.p._103_2017.pdf
204007,merged,1,crl.p_1124_l_2015.pdf,crl.p 1124 l 2015,,Sat Apr 04 2026 00:05:40 GMT+0500 (Pakistan Standard Time),admin-knowledge/830565de-e112-45b0-857c-d80fd888df56/1775211684783-2b30d956-crl.p_1124_l_2015.pdf
204005,merged,1,crl.p._1690_l_2016.pdf,crl.p. 1690 l 2016,,Sat Apr 04 2026 00:05:41 GMT+0500 (Pakistan Standard Time),admin-knowledge/830565de-e112-45b0-857c-d80fd888df56/1775211683182-4c42dd97-crl.p._1690_l_2016.pdf
204004,merged,1,crl.p.183_p_2022_dt_25_01_2024.pdf,crl.p.183 p 2022 dt 25 01 2024,,Sat Apr 04 2026 00:05:42 GMT+0500 (Pakistan Standard Time),admin-knowledge/830565de-e112-45b0-857c-d80fd888df56/1775211683088-62bb92f8-crl.p.183_p_2022_dt_25_01_2024.pdf
204003,merged,1,crl.p._1565_2024.pdf,crl.p. 1565 2024,,Sat Apr 04 2026 00:05:43 GMT+0500 (Pakistan Standard Time),admin-knowledge/830565de-e112-45b0-857c-d80fd888df56/1775211681838-cb8c10b9-crl.p._1565_2024.pdf
204001,merged,1,crl.p._1390_l_2013.pdf,crl.p. 1390 l 2013,,Sat Apr 04 2026 00:05:43 GMT+0500 (Pakistan Standard Time),admin-knowledge/830565de-e112-45b0-857c-d80fd888df56/1775211671047-9ad42629-crl.p._1390_l_2013.pdf
204000,merged,1,crl.p._1345_l_2023.pdf,crl.p. 1345 l 2023,,Sat Apr 04 2026 00:05:43 GMT+0500 (Pakistan Standard Time),admin-knowledge/830565de-e112-45b0-857c-d80fd888df56/1775211669969-a48bf580-crl.p._1345_l_2023.pdf
203999,merged,1,crl.p._1329_2023.pdf,crl.p. 1329 2023,,Sat Apr 04 2026 00:05:44 GMT+0500 (Pakistan Standard Time),admin-knowledge/830565de-e112-45b0-857c-d80fd888df56/1775211669924-5b8314b7-crl.p._1329_2023.pdf
203994,merged,1,crl.p._1251_2022.pdf,crl.p. 1251 2022,,Sat Apr 04 2026 00:05:45 GMT+0500 (Pakistan Standard Time),admin-knowledge/830565de-e112-45b0-857c-d80fd888df56/1775211664983-40d2515d-crl.p._1251_2022.pdf
203993,merged,1,crl.p._1241_l_2023.pdf,crl.p. 1241 l 2023,,Sat Apr 04 2026 00:05:46 GMT+0500 (Pakistan Standard Time),admin-knowledge/830565de-e112-45b0-857c-d80fd888df56/1775211664864-b9e0a988-crl.p._1241_l_2023.pdf
203990,merged,1,crl.p._1121_2023.pdf,crl.p. 1121 2023,,Sat Apr 04 2026 00:05:46 GMT+0500 (Pakistan Standard Time),admin-knowledge/830565de-e112-45b0-857c-d80fd888df56/1775211652003-77aed23d-crl.p._1121_2023.pdf
203987,merged,1,crl.p._1072_l_2022.pdf,crl.p. 1072 l 2022,,Sat Apr 04 2026 00:05:47 GMT+0500 (Pakistan Standard Time),admin-knowledge/830565de-e112-45b0-857c-d80fd888df56/1775211649411-b98f9efb-crl.p._1072_l_2022.pdf
203984,merged,1,crl.p._1072_2021.pdf,crl.p. 1072 2021,,Sat Apr 04 2026 00:05:48 GMT+0500 (Pakistan Standard Time),admin-knowledge/830565de-e112-45b0-857c-d80fd888df56/1775211648369-665584c9-crl.p._1072_2021.pdf
203983,merged,1,crl.p._1038_2024.pdf,crl.p. 1038 2024,,Sat Apr 04 2026 00:05:48 GMT+0500 (Pakistan Standard Time),admin-knowledge/830565de-e112-45b0-857c-d80fd888df56/1775211647338-cad23d7f-crl.p._1038_2024.pdf
203982,merged,1,crl.p._1050_l_2020.pdf,crl.p. 1050 l 2020,,Sat Apr 04 2026 00:05:49 GMT+0500 (Pakistan Standard Time),admin-knowledge/830565de-e112-45b0-857c-d80fd888df56/1775211647323-16ef67ed-crl.p._1050_l_2020.pdf
203981,merged,1,crl.p._1016_l_2021.pdf,crl.p. 1016 l 2021,,Sat Apr 04 2026 00:05:49 GMT+0500 (Pakistan Standard Time),admin-knowledge/830565de-e112-45b0-857c-d80fd888df56/1775211646511-10fe8971-crl.p._1016_l_2021.pdf
203980,merged,1,crl.p._994_2022.pdf,crl.p. 994 2022,,Sat Apr 04 2026 00:05:50 GMT+0500 (Pakistan Standard Time),admin-knowledge/830565de-e112-45b0-857c-d80fd888df56/1775211646088-24fdcd74-crl.p._994_2022.pdf
203979,merged,1,crl.p._968_2017.pdf,crl.p. 968 2017,,Sat Apr 04 2026 00:05:50 GMT+0500 (Pakistan Standard Time),admin-knowledge/830565de-e112-45b0-857c-d80fd888df56/1775211632694-e94b3724-crl.p._968_2017.pdf
203977,merged,1,crl.p._952_2021.pdf,crl.p. 952 2021,,Sat Apr 04 2026 00:05:51 GMT+0500 (Pakistan Standard Time),admin-knowledge/830565de-e112-45b0-857c-d80fd888df56/1775211631531-0afd2ec3-crl.p._952_2021.pdf
203976,merged,1,crl.p._916_l_2021.pdf,crl.p. 916 l 2021,,Sat Apr 04 2026 00:05:51 GMT+0500 (Pakistan Standard Time),admin-knowledge/830565de-e112-45b0-857c-d80fd888df56/1775211630322-d8c682c2-crl.p._916_l_2021.pdf
203975,merged,1,crl.p._950_2021.pdf,crl.p. 950 2021,,Sat Apr 04 2026 00:05:52 GMT+0500 (Pakistan Standard Time),admin-knowledge/830565de-e112-45b0-857c-d80fd888df56/1775211630120-41349cf9-crl.p._950_2021.pdf
203974,merged,1,crl.p._910_2022 .pdf,crl.p. 910 2022,,Sat Apr 04 2026 00:05:53 GMT+0500 (Pakistan Standard Time),admin-knowledge/830565de-e112-45b0-857c-d80fd888df56/1775211629050-bf505937-crl.p._910_2022.pdf
203973,merged,1,crl.p._894_l_2023.pdf,crl.p. 894 l 2023,,Sat Apr 04 2026 00:05:54 GMT+0500 (Pakistan Standard Time),admin-knowledge/830565de-e112-45b0-857c-d80fd888df56/1775211628956-9fe299ab-crl.p._894_l_2023.pdf
203971,merged,1,crl.p._894_2021.pdf,crl.p. 894 2021,,Sat Apr 04 2026 00:05:54 GMT+0500 (Pakistan Standard Time),admin-knowledge/830565de-e112-45b0-857c-d80fd888df56/1775211627608-ebca03dd-crl.p._894_2021.pdf
203970,merged,1,crl.p._860_l_2021.pdf,crl.p. 860 l 2021,,Sat Apr 04 2026 00:05:55 GMT+0500 (Pakistan Standard Time),admin-knowledge/830565de-e112-45b0-857c-d80fd888df56/1775211618450-a79030bc-crl.p._860_l_2021.pdf
203969,merged,1,crl.p._809_l_2017.pdf,crl.p. 809 l 2017,,Sat Apr 04 2026 00:05:55 GMT+0500 (Pakistan Standard Time),admin-knowledge/830565de-e112-45b0-857c-d80fd888df56/1775211617759-026ae52b-crl.p._809_l_2017.pdf
203968,merged,1,crl.p._828_2024.pdf,crl.p. 828 2024,,Sat Apr 04 2026 00:05:55 GMT+0500 (Pakistan Standard Time),admin-knowledge/830565de-e112-45b0-857c-d80fd888df56/1775211617594-36c431da-crl.p._828_2024.pdf
203967,merged,1,crl.p._809_2024.pdf,crl.p. 809 2024,,Sat Apr 04 2026 00:05:56 GMT+0500 (Pakistan Standard Time),admin-knowledge/830565de-e112-45b0-857c-d80fd888df56/1775211616801-02cbabf5-crl.p._809_2024.pdf
203966,merged,1,crl.p._806_2022.pdf,crl.p. 806 2022,,Sat Apr 04 2026 00:05:56 GMT+0500 (Pakistan Standard Time),admin-knowledge/830565de-e112-45b0-857c-d80fd888df56/1775211616829-0c9c2366-crl.p._806_2022.pdf
203964,merged,1,crl.p._801_l_2020.pdf,crl.p. 801 l 2020,,Sat Apr 04 2026 00:05:58 GMT+0500 (Pakistan Standard Time),admin-knowledge/830565de-e112-45b0-857c-d80fd888df56/1775211615130-44c643e2-crl.p._801_l_2020.pdf
203963,merged,1,crl.p._790_2017.pdf,crl.p. 790 2017,,Sat Apr 04 2026 00:05:58 GMT+0500 (Pakistan Standard Time),admin-knowledge/830565de-e112-45b0-857c-d80fd888df56/1775211614025-49d0f49b-crl.p._790_2017.pdf
203962,merged,1,crl.p._786_l_2016.pdf,crl.p. 786 l 2016,,Sat Apr 04 2026 00:05:59 GMT+0500 (Pakistan Standard Time),admin-knowledge/830565de-e112-45b0-857c-d80fd888df56/1775211613934-5cecd8ed-crl.p._786_l_2016.pdf
203960,merged,1,crl.p._776_2024.pdf,crl.p. 776 2024,,Sat Apr 04 2026 00:05:59 GMT+0500 (Pakistan Standard Time),admin-knowledge/830565de-e112-45b0-857c-d80fd888df56/1775211612259-f7d3dd33-crl.p._776_2024.pdf
203958,merged,1,crl.p._725_2023.pdf,crl.p. 725 2023,,Sat Apr 04 2026 00:06:00 GMT+0500 (Pakistan Standard Time),admin-knowledge/830565de-e112-45b0-857c-d80fd888df56/1775211610948-3cbf455a-crl.p._725_2023.pdf
203956,merged,1,crl.p._668_2019.pdf,crl.p. 668 2019,,Sat Apr 04 2026 00:06:01 GMT+0500 (Pakistan Standard Time),admin-knowledge/830565de-e112-45b0-857c-d80fd888df56/1775211609550-6d11550c-crl.p._668_2019.pdf
203955,merged,1,crl.p._636_2022.pdf,crl.p. 636 2022,,Sat Apr 04 2026 00:06:02 GMT+0500 (Pakistan Standard Time),admin-knowledge/830565de-e112-45b0-857c-d80fd888df56/1775211608663-7735d03c-crl.p._636_2022.pdf
203954,merged,1,crl.p._660_2024.pdf,crl.p. 660 2024,,Sat Apr 04 2026 00:06:02 GMT+0500 (Pakistan Standard Time),admin-knowledge/830565de-e112-45b0-857c-d80fd888df56/1775211608653-60bad3de-crl.p._660_2024.pdf
203953,merged,1,crl.p._619_l_2024.pdf,crl.p. 619 l 2024,,Sat Apr 04 2026 00:06:03 GMT+0500 (Pakistan Standard Time),admin-knowledge/830565de-e112-45b0-857c-d80fd888df56/1775211607431-7db315e4-crl.p._619_l_2024.pdf
203952,merged,1,crl.p._588_l_2023.pdf,crl.p. 588 l 2023,,Sat Apr 04 2026 00:06:03 GMT+0500 (Pakistan Standard Time),admin-knowledge/830565de-e112-45b0-857c-d80fd888df56/1775211607446-e39183a7-crl.p._588_l_2023.pdf
203949,merged,1,crl.p._532_2018.pdf,crl.p. 532 2018,,Sat Apr 04 2026 00:06:05 GMT+0500 (Pakistan Standard Time),admin-knowledge/830565de-e112-45b0-857c-d80fd888df56/1775211604454-c886e18d-crl.p._532_2018.pdf
203948,merged,1,crl.p._548_2020.pdf,crl.p. 548 2020,,Sat Apr 04 2026 00:06:06 GMT+0500 (Pakistan Standard Time),admin-knowledge/830565de-e112-45b0-857c-d80fd888df56/1775211604173-55759959-crl.p._548_2020.pdf
203946,merged,1,crl.p._529_2021.pdf,crl.p. 529 2021,,Sat Apr 04 2026 00:06:06 GMT+0500 (Pakistan Standard Time),admin-knowledge/830565de-e112-45b0-857c-d80fd888df56/1775211603100-0e5ec38f-crl.p._529_2021.pdf
203945,merged,1,crl.p._522_l_2018.pdf,crl.p. 522 l 2018,,Sat Apr 04 2026 00:06:07 GMT+0500 (Pakistan Standard Time),admin-knowledge/830565de-e112-45b0-857c-d80fd888df56/1775211601977-6b0f4537-crl.p._522_l_2018.pdf
203944,merged,1,crl.p._518_2022.pdf,crl.p. 518 2022,,Sat Apr 04 2026 00:06:08 GMT+0500 (Pakistan Standard Time),admin-knowledge/830565de-e112-45b0-857c-d80fd888df56/1775211601859-894b595f-crl.p._518_2022.pdf
203943,merged,1,crl.p._513_l_2024.pdf,crl.p. 513 l 2024,,Sat Apr 04 2026 00:06:08 GMT+0500 (Pakistan Standard Time),admin-knowledge/830565de-e112-45b0-857c-d80fd888df56/1775211600735-7511c091-crl.p._513_l_2024.pdf
203942,merged,1,crl.p._504_2021.pdf,crl.p. 504 2021,,Sat Apr 04 2026 00:06:09 GMT+0500 (Pakistan Standard Time),admin-knowledge/830565de-e112-45b0-857c-d80fd888df56/1775211600708-feda48ee-crl.p._504_2021.pdf
203938,merged,1,crl.p._475_2022.pdf,crl.p. 475 2022,,Sat Apr 04 2026 00:06:10 GMT+0500 (Pakistan Standard Time),admin-knowledge/830565de-e112-45b0-857c-d80fd888df56/1775211598774-7c91dd12-crl.p._475_2022.pdf
203936,merged,1,crl.p._461_2023.pdf,crl.p. 461 2023,,Sat Apr 04 2026 00:06:11 GMT+0500 (Pakistan Standard Time),admin-knowledge/830565de-e112-45b0-857c-d80fd888df56/1775211597459-4bece263-crl.p._461_2023.pdf
203934,merged,1,crl.p._440_2022 .pdf,crl.p. 440 2022,,Sat Apr 04 2026 00:06:12 GMT+0500 (Pakistan Standard Time),admin-knowledge/830565de-e112-45b0-857c-d80fd888df56/1775211595871-aea3162b-crl.p._440_2022.pdf
203933,merged,1,crl.p._412_l_2014.pdf,crl.p. 412 l 2014,,Sat Apr 04 2026 00:06:14 GMT+0500 (Pakistan Standard Time),admin-knowledge/830565de-e112-45b0-857c-d80fd888df56/1775211594581-99857d45-crl.p._412_l_2014.pdf
203930,merged,1,crl.p._408_l_2021.pdf,crl.p. 408 l 2021,,Sat Apr 04 2026 00:06:16 GMT+0500 (Pakistan Standard Time),admin-knowledge/830565de-e112-45b0-857c-d80fd888df56/1775211592870-6288299f-crl.p._408_l_2021.pdf
203927,merged,1,crl.p._344_2018.pdf,crl.p. 344 2018,,Sat Apr 04 2026 00:06:16 GMT+0500 (Pakistan Standard Time),admin-knowledge/830565de-e112-45b0-857c-d80fd888df56/1775211577655-419ecb59-crl.p._344_2018.pdf
203926,merged,1,crl.p._340_2024.pdf,crl.p. 340 2024,,Sat Apr 04 2026 00:06:17 GMT+0500 (Pakistan Standard Time),admin-knowledge/830565de-e112-45b0-857c-d80fd888df56/1775211576925-23ebc6f1-crl.p._340_2024.pdf
203925,merged,1,crl.p._310_2025.pdf,crl.p. 310 2025,,Sat Apr 04 2026 00:06:17 GMT+0500 (Pakistan Standard Time),admin-knowledge/830565de-e112-45b0-857c-d80fd888df56/1775211566607-e4ebbc49-crl.p._310_2025.pdf
203923,merged,1,crl.p._301_2022.pdf,crl.p. 301 2022,,Sat Apr 04 2026 00:06:18 GMT+0500 (Pakistan Standard Time),admin-knowledge/830565de-e112-45b0-857c-d80fd888df56/1775211565044-2d30039d-crl.p._301_2022.pdf
203922,merged,1,crl.p._290_l_2015.pdf,crl.p. 290 l 2015,,Sat Apr 04 2026 00:06:19 GMT+0500 (Pakistan Standard Time),admin-knowledge/830565de-e112-45b0-857c-d80fd888df56/1775211563858-08b0f7d9-crl.p._290_l_2015.pdf
203921,merged,1,crl.p._298_2023.pdf,crl.p. 298 2023,,Sat Apr 04 2026 00:06:20 GMT+0500 (Pakistan Standard Time),admin-knowledge/830565de-e112-45b0-857c-d80fd888df56/1775211563820-e004a69c-crl.p._298_2023.pdf
203919,merged,1,crl.p._260_l_2015.pdf,crl.p. 260 l 2015,,Sat Apr 04 2026 00:06:21 GMT+0500 (Pakistan Standard Time),admin-knowledge/830565de-e112-45b0-857c-d80fd888df56/1775211562082-5e3776d8-crl.p._260_l_2015.pdf
203917,merged,1,crl.p._253_l_2025.pdf,crl.p. 253 l 2025,,Sat Apr 04 2026 00:06:22 GMT+0500 (Pakistan Standard Time),admin-knowledge/830565de-e112-45b0-857c-d80fd888df56/1775211560877-9e8dc82e-crl.p._253_l_2025.pdf
203916,merged,1,crl.p._243_2024.pdf,crl.p. 243 2024,,Sat Apr 04 2026 00:06:22 GMT+0500 (Pakistan Standard Time),admin-knowledge/830565de-e112-45b0-857c-d80fd888df56/1775211559982-8276f24c-crl.p._243_2024.pdf
203915,merged,1,crl.p._251_l_2020.pdf,crl.p. 251 l 2020,,Sat Apr 04 2026 00:06:23 GMT+0500 (Pakistan Standard Time),admin-knowledge/830565de-e112-45b0-857c-d80fd888df56/1775211559961-9279a2a5-crl.p._251_l_2020.pdf
203913,merged,1,crl.p._239_2024.pdf,crl.p. 239 2024,,Sat Apr 04 2026 00:06:23 GMT+0500 (Pakistan Standard Time),admin-knowledge/830565de-e112-45b0-857c-d80fd888df56/1775211551695-4df341ed-crl.p._239_2024.pdf
203912,merged,1,crl.p._238_2024.pdf,crl.p. 238 2024,,Sat Apr 04 2026 00:06:23 GMT+0500 (Pakistan Standard Time),admin-knowledge/830565de-e112-45b0-857c-d80fd888df56/1775211551635-c6292840-crl.p._238_2024.pdf
203911,merged,1,crl.p._235_l_2015.pdf,crl.p. 235 l 2015,,Sat Apr 04 2026 00:06:24 GMT+0500 (Pakistan Standard Time),admin-knowledge/830565de-e112-45b0-857c-d80fd888df56/1775211543448-bb2cf00e-crl.p._235_l_2015.pdf
203910,merged,1,crl.p._230_2019.pdf,crl.p. 230 2019,,Sat Apr 04 2026 00:06:26 GMT+0500 (Pakistan Standard Time),admin-knowledge/830565de-e112-45b0-857c-d80fd888df56/1775211541103-4a47c30f-crl.p._230_2019.pdf
203909,merged,1,crl.p._225_2023.pdf,crl.p. 225 2023,,Sat Apr 04 2026 00:06:27 GMT+0500 (Pakistan Standard Time),admin-knowledge/830565de-e112-45b0-857c-d80fd888df56/1775211541029-360a0b01-crl.p._225_2023.pdf
203907,merged,1,crl.p._209_2018.pdf,crl.p. 209 2018,,Sat Apr 04 2026 00:06:27 GMT+0500 (Pakistan Standard Time),admin-knowledge/830565de-e112-45b0-857c-d80fd888df56/1775211539866-ce363d1a-crl.p._209_2018.pdf
203905,merged,1,crl.p._201_k_2023.pdf,crl.p. 201 k 2023,,Sat Apr 04 2026 00:06:28 GMT+0500 (Pakistan Standard Time),admin-knowledge/830565de-e112-45b0-857c-d80fd888df56/1775211538619-634049c0-crl.p._201_k_2023.pdf
203900,merged,1,crl.p._165_k_2022.pdf,crl.p. 165 k 2022,,Sat Apr 04 2026 00:06:29 GMT+0500 (Pakistan Standard Time),admin-knowledge/830565de-e112-45b0-857c-d80fd888df56/1775211534774-55fa6270-crl.p._165_k_2022.pdf
203899,merged,1,crl.p._167_k_2022.pdf,crl.p. 167 k 2022,,Sat Apr 04 2026 00:06:30 GMT+0500 (Pakistan Standard Time),admin-knowledge/830565de-e112-45b0-857c-d80fd888df56/1775211534663-c9e0e5f9-crl.p._167_k_2022.pdf
203897,merged,1,crl.p._157_2024.pdf,crl.p. 157 2024,,Sat Apr 04 2026 00:06:30 GMT+0500 (Pakistan Standard Time),admin-knowledge/830565de-e112-45b0-857c-d80fd888df56/1775211533535-e399dd12-crl.p._157_2024.pdf
203894,merged,1,crl.p._134_2024_dn.pdf,crl.p. 134 2024 dn,,Sat Apr 04 2026 00:06:32 GMT+0500 (Pakistan Standard Time),admin-knowledge/830565de-e112-45b0-857c-d80fd888df56/1775211519609-116f38e1-crl.p._134_2024_dn.pdf
203892,merged,1,crl.p._130_q_2021.pdf,crl.p. 130 q 2021,,Sat Apr 04 2026 00:06:33 GMT+0500 (Pakistan Standard Time),admin-knowledge/830565de-e112-45b0-857c-d80fd888df56/1775211518201-070562c3-crl.p._130_q_2021.pdf
203891,merged,1,crl.p._127_q_2021.pdf,crl.p. 127 q 2021,,Sat Apr 04 2026 00:06:33 GMT+0500 (Pakistan Standard Time),admin-knowledge/830565de-e112-45b0-857c-d80fd888df56/1775211516940-d5c809f6-crl.p._127_q_2021.pdf
203888,merged,1,crl.p._99_k_2018.pdf,crl.p. 99 k 2018,,Sat Apr 04 2026 00:06:34 GMT+0500 (Pakistan Standard Time),admin-knowledge/830565de-e112-45b0-857c-d80fd888df56/1775211515598-5bc6483b-crl.p._99_k_2018.pdf
203887,merged,1,crl.p._74_l_2018.pdf,crl.p. 74 l 2018,,Sat Apr 04 2026 00:06:35 GMT+0500 (Pakistan Standard Time),admin-knowledge/830565de-e112-45b0-857c-d80fd888df56/1775211514136-67c12d73-crl.p._74_l_2018.pdf